title,price,등록일시,위치,상태
엔시티드림 재민 제노 패브릭포스터 양도 드림쇼 맛 NCT DREAM,25000.0,2일 전,전국,판매 중
재민 데이드림 패브릭포스터,15000.0,2일 전,경기도 남양주시 화도읍,판매 중
엔시티드림 재민 맛 핫소스 패브릭 포스터,60000.0,4주 전,전국,판매 중
맛 hot sauce 패브릭 포스터 재민 포카,60000.0,3달 전,전국,판매 중
NCT DREAM 엔시티드림 재민 패브릭 포스터 위고업 바인더 포카 양도,8130.0,11달 전,전국,판매 중
엔시티 드림 재민 패브릭 포스터 현수막 전시회 굿즈,7000.0,10달 전,전국,판매 중
(일괄) 엔시티드림 재민 비공굿 hdol 액자 패브릭포스터 난나깜나,19000.0,2주 전,전국,판매 중
"[구매] 비밀사이 재민다온, 수현다온 패브릭 포스터 구해요!",5252.0,1주 전,전국,판매 중
데이드림 재민 패브릭 포스터 / 머그컵 포카 분철,10000.0,3달 전,전국,판매 중
엔시티드림 드림쇼 포스트카드,17000.0,2시간 전,경기도 화성시 병점1동,판매 중
엔시티 nct 드림 어 드림 드림포토북 제노 엔시티 드림,10000.0,6시간 전,전국,판매 중
엔시티드림 더 드림쇼 해찬 포스터,7000.0,8시간 전,전국,판매 중
"엔시티드림 포토북 드림어드림, 사진집 미개봉 판매",22000.0,6시간 전,서울특별시 강서구 화곡본동,판매 중
(포카o) 엔시티드림 드림어드림2 포토북 해찬,20000.0,19시간 전,전국,판매 중
(포카o) 엔시티드림 드림어드림2 포토북 마크,20000.0,19시간 전,전국,판매 중
엔시티드림 디지팩,7000.0,10달 전,울산광역시 북구 농소1동,판매 중
엔시티 드림 드림 어 드림 화보집,15000.0,11달 전,전국,판매 중
엔시티드림 제노 액자,25000.0,3시간 전,전국,판매 중
엔시티드림 버퍼링 재민 제노 접지포스터,3800.0,2시간 전,광주광역시 광산구 우산동,판매 중
엔시티드림 핫써머 팬미팅 비욘라 엽서 양도,7000.0,1시간 전,전국,판매 중
엔시티드림 비트박스 포토북 뉴스쿨 포스터,2000.0,1시간 전,전국,판매 중
엔시티드림 비트박스 포토북 뉴스쿨버전 포스터,2000.0,1시간 전,전국,판매 중
엔시티드림 지성 2022 시즌그리팅(포카x),4000.0,1시간 전,대구광역시 달서구 성당동,판매 중
엔시티드림 재민 마리끌레르 화보 a버전 판매 양도합니다,10000.0,5시간 전,전국,판매 중
엔시티드림 일본 팬클럽 오피셜북 회지,20000.0,2시간 전,전국,판매 중
엔시티드림 2023 시즌그리팅 미개봉 (재민/해찬 특전),43000.0,1시간 전,전국,판매 중
엔시티드림 지성 홈마님 액자 양도 서가대,30000.0,3시간 전,전국,판매 중
엔시티드림 비공굿 팔아용,1000.0,17시간 전,전국,판매 중
해찬 런쥔 천러 지성 엔시티드림 위고업 엽서 we go up,3000.0,7시간 전,전국,판매 중
3+1 엔시티드림 헬로퓨처 단체 도무송 비공굿 판매 랜봉 랜박,1000.0,6시간 전,전국,판매 중
3+1 엔시티드림 헬로퓨처 단체 도무송 비공굿 판매 랜봉 랜박,1000.0,6시간 전,전국,판매 중
엔시티드림 2023 시즌그리팅 지성 제노 엽서 네컷 공굿 굿즈,1000.0,11시간 전,전국,판매 중
엔시티드림 2023시그 제노 일괄 구성품 포카제외,8000.0,5시간 전,인천광역시 서구 검단2동,판매 중
엔시티드림 데이드림 패브릭 포스터 양도,25000.0,13시간 전,전라남도 순천시 왕조2동,판매 중
엔시티드림 캔디 개봉앨범 판매,1500.0,13시간 전,서울특별시 성동구 금호4가동,판매 중
엔시티드림 시그 미개봉 원가양도,45000.0,12시간 전,강원도 동해시 천곡동,판매 중
엔시티드림 2021 시즌그리팅 달력,2500.0,23시간 전,대구광역시 동구 안심1동,판매 중
엔시티드림 2023 시그 마크런쥔제노재민해찬천러지성,22000.0,16시간 전,전국,판매 중
엔시티드림 비공굿,1000.0,15시간 전,전국,판매 중
엔시티드림 제노 캔디 매거진 뜯포 양도,2000.0,13시간 전,전국,판매 중
nctdream 엔시티드림 2023 시그 시즌그리팅 분철 양도,3000.0,15시간 전,전국,판매 중
엔시티드림 nct 제노 드림바이브 전시회 아코디언 포토 엽서북 포카,7000.0,12시간 전,전국,판매 중
엔시티드림 디어드림 포토북,25000.0,12시간 전,서울특별시 강서구 등촌제3동,판매 중
엔시티드림 nct dream 친필 사인 엽서 비트박스 beatbox,50000.0,23시간 전,전국,판매 중
(포카포함풀셋) 엔시티드림 NCT DREAM 2022 시즌그리팅 풀세트,23000.0,13시간 전,전라남도 목포시 삼학동,판매 중
(포카포함풀셋) 엔시티드림 NCT DREAM 2022 시즌그리팅 풀세트,23000.0,13시간 전,전라남도 목포시 삼학동,판매 중
엔시티 엔시티드림 2020 키노 판매,1000.0,13시간 전,전국,판매 중
엔시티드림 엔시티 구공럽 비공굿 엽서,1000.0,19시간 전,전국,판매 중
엔시티드림 디페스타 천러 엽서 일괄 양도,10000.0,1주 전,전국,판매 중
엔시티드림 시즌 그리팅 풀박스,30000.0,3주 전,광주광역시 광산구 첨단1동,판매 중
"엔시티드림 2022, 2023 시그 양도",20000.0,1주 전,전국,판매 중
런쥔 명언북 엔시티 드림 포토카드 포카,14000.0,18시간 전,경기도 파주시 운정3동,판매 중
엔시티드림 시즌 그리팅,22000.0,1달 전,전국,판매 중
엔시티드림 2020 시그 해찬 분철,5000.0,2주 전,대구광역시 달성군 다사읍,판매 중
엔시티드림 재민 2022 재민 시즌그리팅 시그 포토팩 재민 포카,10000.0,4일 전,전국,판매 중
엔시티드림 해찬 마크 제노 재민 지성 천러 런쥔 엽서 세트 양도 포카,15000.0,4일 전,전국,판매 중
엔시티드림 포토북 드림어드림 풀셋,40000.0,2주 전,전국,판매 중
엔시티드림 제노 smcu 게스트 포토북,5000.0,2주 전,전국,판매 중
엔시티드림 포토북 해찬 교환 ->마크,1000.0,2주 전,전국,판매 중
엔시티드림 엔시티 엽서북 postcard book nct nctdream,6000.0,6일 전,전국,판매 중
엔시티드림 2022미개봉 시그 팝니다,20000.0,2주 전,경상북도 경산시 진량읍,판매 중
"엔시티드림 공굿,비공굿 나눔 합니다",5000.0,2주 전,전국,판매 중
엔시티드림 포토북 ver1 nct dream,20000.0,1주 전,전국,판매 중
엔시티드림 지성 포토북,20000.0,1달 전,전국,판매 중
엔시티드림 마크 더무비 스크린엑스,5000.0,1달 전,경상남도 양산시 평산동,판매 중
엔시티드림 데이드림 패브릭 포스터 마크,20000.0,2달 전,전국,판매 중
( 급처 ) 엔시티드림 포스터 일괄,3000.0,2달 전,전국,판매 중
엔시티드림 천러포스터,1000.0,3달 전,전국,판매 중
엔시티드림 비트박스 해찬 엽서세트,8000.0,2달 전,전국,판매 중
엔시티드림 런쥔 캔디랩 엽서 양도합니다 마크 제노 해찬 재민 천러 지성,13000.0,1달 전,서울특별시 강북구 삼각산동,판매 중
엔시티드림재민엽서양도,5000.0,1달 전,서울특별시 송파구 거여1동,판매 중
엔시티드림 프리쿠라,1000.0,3달 전,전국,판매 중
smcu 엔시티드림 엽서 해찬 -> 제노 교환,12345.0,2달 전,전국,판매 중
엔시티드림 2021시즌그린팅 양도0.5,5000.0,2달 전,인천광역시 연수구 연수3동,판매 중
엔시티드림 글리치모드 팝업스토어 굿즈 원가이하양도,10000.0,1달 전,전국,판매 중
엔시티드림 글리치모드 팝업스토어 굿즈 원가이하양도,10000.0,1달 전,전국,판매 중
"엔시티 드림 시그 분철(알라딘, 슴스)",5800.0,17시간 전,전국,판매 중
엔시티드림 헬로퓨처 포스터,2000.0,1달 전,전국,판매 중
엔시티드림 2023 시그 시즌그리팅,43000.0,2달 전,대전광역시 중구 태평2동,판매 중
엔시티드림 위고업 엽서북,14000.0,3달 전,전국,판매 중
엔시티드림 지성 해찬 비트박스 포스터 양도,1000.0,2달 전,전국,판매 중
엔시티드림 시즌그리팅 분철(쿨거시 에눌),4000.0,2달 전,전국,판매 중
엔시티드림 헬로퓨쳐 런쥔 제노 포스터 양도,1000.0,2달 전,전국,판매 중
엔시티 드림 nctdream 포토북,23000.0,14시간 전,부산광역시 서구 서대신제4동,판매 중
엔시티 엔시티드림 2022 시즌그리팅 시그,15000.0,4주 전,대전광역시 서구 정림동,판매 중
해찬 전시회 대리구매 (ㅅㅊㅇ 엔시티 드림 무나 비공굿 나눔,1000.0,14시간 전,전국,판매 중
포카포함 특전 포카 엔시티드림 2022 시그 풀박 양도,24000.0,2달 전,전국,판매 중
엔시티드림 인화사진,6000.0,1달 전,전국,판매 중
지성 A4 사진+엽서 일괄 / 엔시티드림 포카 nct,4000.0,3주 전,전국,판매 중
엔시티드림 2022시즌그리팅 시그포토팩 미개봉 양도합니다!,9000.0,1주 전,전국,판매 중
엔시티드림 캔디 포토북 + 제노 포카 세트,5000.0,1달 전,전국,판매 중
엔시티드림 사진집 나우히어,10000.0,3달 전,부산광역시 중구 남포동,판매 중
엔시티드림 비공굿 랜박 무나,3000.0,3달 전,전국,판매 중
엔시티드림 지성 미라지님 캔버스 액자 양도 A3 정사각,8000.0,3주 전,경기도 평택시 원평동,판매 중
엔시티드림 헬로퓨처 접지 비트박스 접지,1000.0,1달 전,전국,판매 중
미개봉 엔시티드림 시즌그리팅 양도,39000.0,2달 전,전국,판매 중
엔시티드림 시그 풀셋+천러 특전,50000.0,3달 전,전국,판매 중
엔시티드림 천러 포스터,1000.0,3달 전,전국,판매 중
엔시티드림 Candy 캔디 제노 접지 포스터,1500.0,1달 전,전국,판매 중
엔시티드림 SM스토어 미개봉 폴라로이드,2000.0,2달 전,전국,판매 중
2023 엔시티드림 시그 분철,3500.0,3달 전,전국,판매 중
엔시티드림 캔디 비트박스 헬로퓨쳐 접지,1500.0,2달 전,전국,판매 중
드림쇼2 엔시티드림 4DX 영화 재민 엽서 양도합니다 단체버전,10000.0,2주 전,전국,판매 중
엔시티드림 시즌그리팅 분철,4000.0,3달 전,서울특별시 강동구 명일제2동,판매 중
엔시티 드림 nctdream 비욘드 라이브 브로슈어,6000.0,14시간 전,부산광역시 서구 서대신제4동,판매 중
엔시티드림 NCT DREAM 디아이콘 디페스타 10주년 해찬 커버 풀셋,20000.0,1달 전,전국,판매 중
엔시티드림 런쥔 도무송 판매합니다!!,1000.0,2달 전,전국,판매 중
마크 엔시티드림 시즌그리팅 양도해요,5000.0,3달 전,전국,판매 중
"엔시티드림 글리치모드 아케이드센터 엽서북, 게임카드 양도",12000.0,2달 전,전국,판매 중
엔시티 드림 일본 팬클럽 회지 양도 포카,14000.0,2일 전,경기도 수원시 영통구 광교1동,판매 중
엔시티드림 시그 재민 분철,8000.0,3달 전,전국,판매 중
엔시티드림 2023 시그 포카 분철,3000.0,3달 전,전국,판매 중
엔시티드림 2020 시그 지성 분철,20000.0,3달 전,전국,판매 중
엔시티드림 포스터 양도 받아요,1000.0,1달 전,전국,판매 중
엔시티 드림 2018 싱글즈 화보집,12000.0,2일 전,전국,판매 중
2023 엔시티 드림 시즌그리팅,1004.0,2일 전,전국,판매 중
엔시티드림 캔디 엔시티127 에이요포토북 포스터 팝니다,1000.0,7분 전,서울특별시 마포구 성산제1동,판매 중
엔시티 127 태용 이어북,3000.0,28분 전,경기도 광주시 오포읍,판매 중
엔시티127 nct127 ay-yo 에이요 디지팩 포스터 양도,1000.0,25분 전,전국,판매 중
엔시티 127 favorite 페이보릿 유타 책갈피 엽서 판매,2000.0,3시간 전,전국,판매 중
엔시티 127 페이보릿 포토북 포스터,2000.0,1시간 전,전국,판매 중
nct 127 질주 포토북 포스터,2000.0,1시간 전,전국,판매 중
NCT 127 재현 스쿨키트 2019,32000.0,2시간 전,전국,판매 중
[판매]가격인하 NCT127 Way V NCTDREAM 엽서북,6000.0,2시간 전,전국,판매 중
엔시티 nct 127 무한적아 체리밤 아이비클럽 포스터 양도,10000.0,3시간 전,경기도 남양주시 진접읍,판매 중
(새상품 미개봉) nct127 엔시티127 북미투어 엽서,3000.0,7시간 전,전국,판매 중
(단순개봉 풀세트) 엔시티127 NCT127 2020시즌그리팅,55000.0,7시간 전,전국,판매 중
NCT 127 엔시티 일이칠 프리쿠라 비공굿 굿즈,1200.0,10시간 전,전국,판매 중
"코스모폴리탄21.3 nct 도재정 엔시티127 도영, 정우 수록",10000.0,7시간 전,전국,판매 중
네이처리퍼블릭 nct127 화보집,12000.0,4시간 전,경기도 고양시 덕양구 행주동,판매 중
2023 nct 127 시그 태용 분철,4000.0,5시간 전,전국,판매 중
2023 nct 127 시그 태일 분철,4000.0,5시간 전,전국,판매 중
엔시티127 에이요 포토북 미개봉양도A B 버전(대량가능),6000.0,4시간 전,서울특별시 중랑구 신내2동,판매 중
NCT127 엔시티 유니버스 포토북 재현,6000.0,13시간 전,전국,판매 중
엔시티127 네이처리퍼블릭 그린더마 엽서집,4000.0,14시간 전,전국,판매 중
NCT127 엔시티127 네이처리퍼블릭 포토북,3000.0,14시간 전,전라북도 완주군 이서면,판매 중
NCT127 엔시티127 해찬 포스트카드북 양도,2000.0,14시간 전,전국,판매 중
엔시티 nct 127 2023 2021 시즌그리팅 포토팩 팔아요,11000.0,17시간 전,전국,판매 중
nct127 엔시티 블루투오렌지 bluetoorange 마크 미개봉 풀셋,39000.0,15시간 전,전국,판매 중
엔시티즌 127 잡지,20000.0,17시간 전,경기도 연천군 전곡읍,판매 중
엔시티 127 에이요 접지 스티커 엽서 교환 양도,2000.0,11시간 전,전국,판매 중
엔시티 접지 포스터 해찬 천러 제노천러 드림 127 웨이브,1000.0,11시간 전,전국,판매 중
NCT 127 Ay-Yo 에이요 A버전 정우 접지 포스터,1500.0,6시간 전,경기도 성남시 분당구 금곡동,판매 중
엔시티 127 해찬 블루 투 오렌지 포토북 원가 양도,39000.0,14시간 전,경기도 시흥시 군자동,판매 중
nct 127 재현바 럭키드로우 럭드 액자 양도,4000.0,20시간 전,서울특별시 강남구 신사동,판매 중
엔시티 127 에이요 a버전 브로마이드 포스터 양도,1000.0,20시간 전,전국,판매 중
엔시티 127 드림 슈퍼엠 톡어바웃 마크 블랙 프레임 A3 액자,25000.0,13시간 전,전국,판매 중
(설명필독) 엔시티 재현 nct 127 엽서 스탠드 폴라 일괄 양도 포카,6000.0,23시간 전,전국,판매 중
엔시티 127 포토북,25000.0,22시간 전,전국,판매 중
엔시티드림 nct 127 위고업 레귤러 이레귤러 공방포스터 굿즈 엔씨티,8500.0,13시간 전,전국,판매 중
엔시티 127 2023 시그 다이어리,2000.0,13시간 전,전국,판매 중
엔시티 127 콘서트화보집,25000.0,22시간 전,전국,판매 중
NCT127 superhuman 도장 마크,30000.0,14시간 전,전국,판매 중
엔시티127 포스터 양도해요,1000.0,13시간 전,인천광역시 계양구 효성2동,판매 중
엔시티 127 2023 시즌그리팅 다이어리 미개봉,5000.0,15시간 전,전국,판매 중
안녕 서울 NCT127 화보(살짝 접힘),7500.0,15시간 전,전국,판매 중
nct127 네이처 리퍼블릭 캐모마일 화보집 팝니다,12000.0,15시간 전,전국,판매 중
가격내림)엔시티127 푸마 접지 포스터 일괄,2500.0,13시간 전,전국,판매 중
!미개봉 원가 양도!))엔시티 127 시그포토팩 양도,11000.0,16시간 전,전국,판매 중
"급처,가격내림)엔시티127 푸마 엽서 일괄",1500.0,13시간 전,전국,판매 중
nct dream 127 해찬 네오시티 콘서트 브로마이드 브마,10000.0,19시간 전,전국,판매 중
급처)엔시티127 에이요 B 태용 접지,1000.0,13시간 전,전국,판매 중
"가격내림)엔시티127 스티커 엽서 마크 교환 정우,양도",1000.0,13시간 전,전국,판매 중
엔시티 127 2023 시그 시즌그리팅 유닛 포스터 엽서 브로슈어 등,2000.0,13시간 전,전국,판매 중
2023 NCT127 시즌그리팅,15000.0,3일 전,경기도 양주시 회천4동,판매 중
2022 시즌그리팅 포토팩 nct127 마크(포카 포함 풀세트),8000.0,5일 전,전국,판매 중
NCT127 마크 가평 포토북,18000.0,3일 전,경기도 양주시 회천4동,판매 중
엔시티127 시그 반택포 시즌 그리팅 분철,6000.0,3일 전,전국,판매 중
nct127 엔시티 쟈니 썸머키트 부채,4000.0,4일 전,서울특별시 마포구 상암동,판매 중
푸마 퓨마 엔시티127 NCT127 엽서 양도,3000.0,4일 전,전국,판매 중
NCT127 재현 정윤오 캔버스 액자,17000.0,6일 전,인천광역시 남구 학익1동,판매 중
엔시티127 시즌그리팅 미개봉 nct127,20000.0,1달 전,전국,판매 중
nct 127 에이요 접지 포스터랑 엽서 유타 양도합니다.,1000.0,2주 전,전국,판매 중
NCT127 2019CTZEN 웰컴키트,24000.0,1달 전,전국,판매 중
엔시티 127 퓨마 포스터 & 엽서,10000.0,1달 전,전국,판매 중
엔시티127 드림 이해찬 시그 양도합니다,6060.0,3주 전,전국,판매 중
엔시티 127 시그,1234.0,1달 전,전국,판매 중
엔시티127 20203 시그분철,3000.0,1달 전,서울특별시 금천구 독산제2동,판매 중
엔시티 127 (NCT 127) - PHOTOBOOK 정우,33900.0,1달 전,전국,판매 중
엔시티 127 2023 시그 포스터 분철  태용 마크 도영 정우 해찬,1000.0,3주 전,전국,판매 중
엔시티 127 드림 개봉앨범,1500.0,1달 전,전국,판매 중
엔시티 127 공식 포스터 a2 a3 클리어화일 일괄 양도 체리밤 엠파시,44900.0,2주 전,전국,판매 중
NCT127 시즌그린팅,2000.0,1달 전,전국,판매 중
nct127 엔시티127 공식 사진,3000.0,1달 전,강원도 원주시 단계동,판매 중
엔시티 nct 포스터 nct127 nct드림dream nct2021,2000.0,1달 전,충청북도 청주시 흥덕구 강내면,판매 중
Nct127 엔시티127 2021 시그 시즌그리팅 양도,11000.0,1달 전,전국,판매 중
2022 nct 127 시즌그리팅 (풀구성),27000.0,1달 전,전국,판매 중
nct 127 마크 체리밤 인화사진,12000.0,2주 전,경기도 수원시 권선구 곡선동,판매 중
nct 127 마크 슈퍼휴먼 바인더 인덱스,10000.0,2주 전,경기도 수원시 권선구 곡선동,판매 중
NCT127 렛샷업앤댄스 태용 태일,8000.0,1주 전,충청남도 천안시 서북구 백석동,판매 중
nct nct127 체리밤 위영 마크 부채,4000.0,2주 전,경기도 수원시 권선구 곡선동,판매 중
엔시티127 nct127 2023 시그 분철 특전은 따로,2500.0,2달 전,전국,판매 중
nct127 엔시티 에이요 정우 접지 엽서 스티커 세트,4000.0,4주 전,전국,판매 중
엔시티 127 안녕 서울 맨즈논노 코스모폴리탄 정우 도영 잡지 양도,15000.0,1주 전,전국,판매 중
엔시티 127 윈윈 동스청 레귤러 포스터,2000.0,2달 전,전국,판매 중
nct 127 질주 브로마이드,1000.0,3주 전,대구광역시 동구 안심3.4동,판매 중
엔시티127 시즌그리팅 분철합니다!,5000.0,2달 전,전국,판매 중
nct127 레귤러 마크 포스터 구해요,1000.0,2주 전,강원도 원주시 태장2동,판매 중
엔시티127 2022시즌그리팅,1000.0,2달 전,전국,판매 중
엔시티 127 2021 스쿨키트 해찬,20000.0,2주 전,전국,판매 중
NCT127 에이요 재현 접지,2000.0,2주 전,전국,판매 중
nct 127 슈퍼휴먼 데일리 스티커 세트,15000.0,2주 전,경기도 수원시 권선구 곡선동,판매 중
엔시티127 개봉앨범 디아이콘 일괄 처분+덤,20000.0,2주 전,전국,판매 중
"NCT 127 도영, 재현 액자",30000.0,2달 전,경기도 고양시 덕양구 창릉동,판매 중
nct127 재현 네오시티 A1 포스터,20000.0,2주 전,서울특별시 마포구 용강동,판매 중
nct 127 마크 슈퍼휴먼 홀로그램 카드홀더 세트,10000.0,2주 전,경기도 수원시 권선구 곡선동,판매 중
nct 127 체리밤 diy heat stiker,9000.0,2주 전,경기도 수원시 권선구 곡선동,판매 중
엔시티127 도영 네이처리퍼블릭 포스터,5000.0,3주 전,전국,판매 중
엔시티127 sticker 앨범 구성 다 팔아요,20000.0,2달 전,전국,판매 중
엔시티 nct127 태용 네오시티 콘서트 굿즈 판매,9000.0,1달 전,경기도 안양시 동안구 관양2동,판매 중
엔시티127 2023시그 네컷 스티커,1000.0,2달 전,전국,판매 중
2022엔시티127시그 엔시티시즌그리팅,4000.0,3주 전,전국,판매 중
엔시티 127 개봉앨범,1000.0,2달 전,전국,판매 중
(급처)nct127 엔시티127 시그 시즌그리팅 구성품 양도,3000.0,1달 전,전국,판매 중
엔시티 127 시즌그리팅 다이어리 양도,5000.0,2달 전,서울특별시 중구 청구동,판매 중
방탄 BTS 페스타 캘린더 미개봉 새상품,15000.0,4분 전,전국,판매 중
방탄소년단 광고 포스터,12000.0,2분 전,전국,판매 중
방탄소년단 전시회 오늘 인화사진 BTS 인화사진,80000.0,25분 전,충청북도 제천시 화산동,판매 중
"방탄소년단 오,늘북 전시",30000.0,1시간 전,전국,판매 중
"방탄소년단 오,늘 북 2018",11000.0,1시간 전,전국,판매 중
[택포] 방탄소년단 아미키트 6기 판매,9000.0,3시간 전,전국,판매 중
(일괄)방탄소년단 공식굿즈 랜박,50000.0,1시간 전,전국,판매 중
"방탄소년단 프포 양도(맵솔콘, 온콘, 럽파콘)",3000.0,3시간 전,경기도 시흥시 목감동,판매 중
방탄소년단 공식아미 4기 키트,20000.0,1시간 전,전국,판매 중
방탄소년단 아미키트 6기 아미집,10000.0,5시간 전,경기도 군포시 오금동,판매 중
방탄소년단 굿즈 일괄 판매,60000.0,2시간 전,전국,판매 중
방탄소년단 버터 앨범 특전 정국 네컷 포토 양도,15000.0,1시간 전,서울특별시 노원구 상계1동,판매 중
방탄소년단 소우주 호석 럭키드로우 원가 이하 판매,2000.0,1시간 전,서울특별시 노원구 상계1동,판매 중
방탄소년단 버터 앨범 특전 태형 틴케이스 포카 양도,8000.0,1시간 전,서울특별시 노원구 상계1동,판매 중
방탄소년단 디아이콘 포카 잡지 엽서 세트 급처,20000.0,1시간 전,전국,판매 중
방탄소년단 방탄 매직샵 이미지 플래그 피켓 호석 제이홉,3000.0,1시간 전,전국,판매 중
방탄소년단 남준 호석 일본 윙콘 윙즈콘 페이퍼스탠드,10000.0,1시간 전,전국,판매 중
방탄bts 2018썸패 포토북 정국또는 슈가 가능!,78000.0,4시간 전,전국,판매 중
BTS 방탄 V 뷔 포스터,4000.0,5시간 전,충청북도 진천군 진천읍,판매 중
방탄소년단 2020 메모리즈 풀세트 판매해요,70000.0,5시간 전,서울특별시 강동구 강일동,판매 중
방탄소년단 브레이크 더 사이런스 엽서세트 판매,10000.0,1시간 전,서울특별시 노원구 상계1동,판매 중
방탄 비공굿 제작 비공굿 포카 판스 엽서 도무송 무중복 방탄소년단 비공굿,1000.0,1시간 전,전국,판매 중
BTS 방탄 V 뷔 반사 슬로건,4500.0,5시간 전,충청북도 진천군 진천읍,판매 중
BTS 디스패치 매거진 화보 잡지,10000.0,5시간 전,충청북도 진천군 진천읍,판매 중
방탄 bts  슈가 윤기 포토북,15000.0,2시간 전,전국,판매 중
bts 방탄 시그 21 판매,18000.0,2시간 전,전국,판매 중
방탄소년단 스마트 굿즈들 일괄,25000.0,4시간 전,전국,판매 중
일괄6.0) 방탄 옛투컴 콘서트 부산콘 부산 호텔 포카 방탄소년단 포카,10000.0,1시간 전,전국,판매 중
방탄소년단 맵솔콘MD 미니포토카드 정국 드볼 판매,40000.0,1시간 전,서울특별시 노원구 상계1동,판매 중
방탄소년단 퍼투댄 PTD 미니포카 석진 준드볼 판매,16000.0,1시간 전,서울특별시 노원구 상계1동,판매 중
방탄소년단 러브유어셀프 dvd 랜덤 포스터 정국,22000.0,4시간 전,서울특별시 성동구 성수2가제1동,판매 중
방탄소년단 하이브인사이트 포스터+엽서 분할,3500.0,4시간 전,전국,판매 중
방탄소년단 방탄 부직포 슬로건,6000.0,5시간 전,전국,판매 중
방탄소년단 공식+비공식 굿즈,27000.0,5시간 전,전국,판매 중
방탄 방탄소년단 친필싸인,100000.0,5시간 전,전국,판매 중
BTS 단체 남준 석진 윤기 호석 태형 정국 포토북 풀셋 원가이하 양도,5000.0,4시간 전,전국,판매 중
"방탄소년단 윙즈콘, 윙파콘 포스터 정국",8000.0,8시간 전,서울특별시 강북구 수유제2동,판매 중
방탄소년단 포스터,3000.0,5시간 전,전국,판매 중
방탄소년단 맵솔 스픽콘 피켓 민윤기 슈가,5000.0,7시간 전,전국,판매 중
방탄소년단 퓨마 팬싸인회 응모권,8000.0,9시간 전,대구광역시 달서구 진천동,판매 중
방탄소년단 데뷔 첫 화보/잡지 (2013 더스타 잡지),120000.0,4시간 전,서울특별시 중구 중림동,판매 중
방탄소년단 타임즈 잡지,5000.0,5시간 전,전국,판매 중
방탄소년단 맵솔콘 맵솔 뷔 김태형 정국 프포,7000.0,7시간 전,전국,판매 중
"방탄소년단 we 포토북 지민, 뷔 풀구성 원가양도",33000.0,11시간 전,전국,판매 중
방탄소년단 2022달마중 미니폴딩포토(미개봉),15000.0,11시간 전,전국,판매 중
방탄소년단 삼성 S20 포스터,9000.0,5시간 전,전국,판매 중
방탄소년단 디아이콘 101 판매합니다 (카드홀더포함),20000.0,10시간 전,경기도 파주시 조리읍,판매 중
"방탄소년단 시즌그리팅(2018,2019,2020)",30000.0,5시간 전,부산광역시 해운대구 우제2동,판매 중
가격내림 방탄 bts 2018 디스패치 매거진 잡지 엽서 풀셋 양도,15000.0,5시간 전,전국,판매 중
방탄소년단 지민 프포 판매합니다,20000.0,5시간 전,전국,판매 중
방탄소년단 BTS 아미키트,12000.0,16시간 전,전국,판매 중
"방탄소년단 달마중1,2시즌 포토북,폴딩포토,스티커포토 미개봉 양도",100000.0,9시간 전,전국,판매 중
방탄소년단 지류 굿즈 일괄 판매합니다,9000.0,5시간 전,경상남도 양산시 물금읍,판매 중
방탄소년단(BTS) 앨범 포스터 콘서트 포스터,2000.0,12시간 전,경기도 수원시 권선구 세류2동,판매 중
BTS 방탄소년단 페스타 캘린더 판매,30000.0,15시간 전,전국,판매 중
방탄소년단 BTS 소우주 플래그 이미지 피켓,6000.0,16시간 전,전국,판매 중
bts 방탄 지민 씬스틸러 포토북 양도,17000.0,22시간 전,전국,판매 중
방탄소년단 슈가  포토북 (피스트범프님),30000.0,7시간 전,전국,판매 중
방탄 홀리데이 네컷 4컷 마그넷 포토북 양도 bts holiday,30000.0,21시간 전,경기도 용인시 수지구 풍덕천2동,판매 중
방탄소년단 2020 시즌그리팅,30000.0,14시간 전,경상남도 창원시 진해구 웅동2동,판매 중
방탄소년단 2018 시즌그리팅,30000.0,14시간 전,경상남도 창원시 진해구 웅동2동,판매 중
방탄소년단제이홉 액자,9000.0,15시간 전,전국,판매 중
방탄소년단 BTS 4기 아미집,15000.0,2일 전,전국,판매 중
방탄소년단 BTS 지민 스픽콘 프포(미개봉),9000.0,2일 전,전국,판매 중
[희귀] 방탄소년단 bts skt 뱃지 일괄,20000.0,2일 전,전국,판매 중
[희귀]방탄소년단 bts skt 뱃지 일괄,30000.0,2일 전,전국,판매 중
"방탄소년단 방탄 bts 액자, 전시회 굿즈",30000.0,2일 전,전국,판매 중
몬스타엑스 콤마 포토북,30000.0,55분 전,전국,판매 중
몬스타엑스 몬엑 형원 포토북 양도,60000.0,3일 전,전국,판매 중
몬스타엑스 포스터,10000.0,6일 전,전국,판매 중
몬스타엑스 몬엑 셔누 기현 잡지 화보,2000.0,3일 전,전국,판매 중
러브 보이저 몬스타엑스 스티커 하트포스터 책갈피 민혁기현형원주헌아이엠,1000.0,5일 전,강원도 강릉시 교2동,판매 중
몬스타엑스 몬베베 6기 키트,30000.0,3일 전,전국,판매 중
몬스타엑스 2023 시그 시즌그리팅 데스크버전 미개봉,28000.0,3일 전,전국,판매 중
몬스타엑스 단체 데뷔 카페 생카 비공굿,6000.0,3일 전,전국,판매 중
몬스타엑스 몬베베 7기 키트,20000.0,3일 전,서울특별시 금천구 가산동,판매 중
몬스타엑스 이벤트 폴라로이드& 엽서,4500.0,6일 전,전국,판매 중
몬스타엑스 몬엑 민혁 7기 몬베베 키트,11000.0,3일 전,전국,판매 중
몬스타엑스 노리밋 NO LIMIT 키트 KIT 구성품 양도,1000.0,3일 전,경기도 화성시 동탄6동,판매 중
Y매거진 9호 몬스타엑스 형원 엔시티드림 지성 스테이씨 잡지 화보 양도,9000.0,3일 전,전국,판매 중
몬스타엑스 형원 액자,20000.0,4일 전,전국,판매 중
몬스타엑스 7기 키트 몬베베 7기 반택포 1.5,15000.0,6일 전,전국,판매 중
택포)몬스타엑스 2023 시즌그리팅,12000.0,4일 전,인천광역시 부평구 부개2동,판매 중
몬스타엑스 몬엑 시그 시즌그리팅 양도,20000.0,4일 전,전국,판매 중
몬스타엑스 몬엑 포카 포토카드 민혁,22000.0,4일 전,전국,판매 중
몬스타엑스 형원 화보,3000.0,7일 전,부산광역시 북구 금곡동,판매 중
(반택포) (사진 더 있음) 몬스타엑스 굿즈 일괄로 싸게 팔아요 에눌가능,12000.0,3일 전,전국,판매 중
몬스타엑스 팬콘 구성품 양도,8000.0,7일 전,부산광역시 해운대구 우제1동,판매 중
몬스타엑스 2022 시그 메세지 엽서 양도,3000.0,7일 전,부산광역시 해운대구 우제1동,판매 중
[새 액자로 발송] 몬스타엑스 아이엠 창균 액자 A4,15000.0,2주 전,서울특별시 송파구 잠실본동,판매 중
몬스타엑스 주헌 포토카드 양도,2000.0,3주 전,대구광역시 달서구 용산1동,판매 중
몬스타엑스 셔누 증사,18000.0,1달 전,전국,판매 중
몬스타엑스 포스터 양도,7000.0,2달 전,전국,판매 중
몬스타엑스 형원 액자,10000.0,1달 전,대전광역시 유성구 노은3동,판매 중
세븐틴 더네임 포토북 양도,6000.0,6분 전,경상북도 경산시 서부2동,판매 중
세븐틴 L홀더 L파일,2000.0,51분 전,서울특별시 광진구 화양동,판매 중
세븐틴 포스터 페더썬 섹터17,2000.0,1시간 전,경기도 시흥시 은행동,판매 중
세븐틴 도겸 2022 시즌그리팅 일괄,4000.0,1시간 전,전국,판매 중
세븐틴 버논 캔버스 A2 액자,15000.0,1시간 전,전국,판매 중
세븐틴 아이즈북 캐럿랜드 2017 2018 메모리북,10000.0,1시간 전,경기도 화성시 병점2동,판매 중
세븐틴,2000.0,2시간 전,경상북도 안동시 용상동,판매 중
세븐틴 인더숲2 포토패키지 양도,2000.0,2시간 전,대구광역시 중구 삼덕동,판매 중
세븐틴 원우 중국 화보 잡지 WAVES 양도,20000.0,2시간 전,전국,판매 중
세븐틴 조슈아 커버 디페스타 디아이콘 포토북,33000.0,12시간 전,경기도 성남시 분당구 야탑3동,판매 중
세븐틴 우지 공식 굿즈 양도합니다,12000.0,16시간 전,충청남도 아산시 배방읍,판매 중
세븐틴 엽서 양도 일괄 탈덕처분,5000.0,17시간 전,전국,판매 중
세븐틴 캐럿랜드 메모리북 양도,15000.0,18시간 전,충청남도 아산시 배방읍,판매 중
세븐틴 소셜클럽 개봉 양도합니다,24000.0,19시간 전,전국,판매 중
세븐틴 인더숲1 우지 (설참),4000.0,20시간 전,전국,판매 중
세븐틴 고잉잡지 고잉매거진 양도합니다!,20000.0,20시간 전,전국,판매 중
세븐틴 원우 카페 트레카 포카,45000.0,2일 전,전국,판매 중
(가격내림) 세븐틴 fml 캐럿반,7000.0,2일 전,서울특별시 노원구 공릉1동,판매 중
[택포]세븐틴 조슈아 액자,10000.0,3일 전,전국,판매 중
세븐틴 디아이콘 정한 양도,5000.0,3일 전,전국,판매 중
세븐틴 2023 시즌그리팅 도어행거,1000.0,3일 전,경기도 수원시 권선구 곡선동,판매 중
세븐틴 포토북 더네임 판매,9000.0,3일 전,전국,판매 중
세븐틴 유얼초이스 L파일,4000.0,3일 전,전국,판매 중
2022 세븐틴 시즌그리팅 시그 양도,2000.0,3일 전,경기도 성남시 중원구 은행2동,판매 중
세븐틴 incomplete wall,10000.0,3일 전,경기도 과천시 부림동,판매 중
스트레이키즈 디페스타,5000.0,18분 전,전국,판매 중
스트레이키즈 다이어리 미개봉+커버,10000.0,34분 전,전국,판매 중
스트레이키즈 스키즈 비공굿 랜박 프리쿠라,3000.0,1시간 전,경상남도 김해시 활천동,판매 중
스키즈 스트레이키즈 스테이 3기 팬키트 판매,3000.0,1시간 전,전국,판매 중
스트레이키즈 리노 홈마 키잇베 시그 양도,15000.0,1시간 전,전국,판매 중
스트레이키즈 맥시던트 노이지 한 아이엔 리노 미니포스터,1000.0,5시간 전,전국,판매 중
스트레이키즈 랜덤포카,30000.0,6시간 전,전국,판매 중
[30장 1set] 스트레이키즈 스키즈 도무송 비공굿 판매,1000.0,12시간 전,전국,판매 중
피오케님 승민 2023 시즌그리팅 시그 양도해요 ! 포카 스키즈,20000.0,3일 전,전국,판매 중
스트레이 키즈 2023 시즌 그리팅 양도,38000.0,4일 전,전국,판매 중
"스트레이키즈 미니포스터,러브레터,띠부씰 방찬 리노 창빈  승민 필릭스",6000.0,3일 전,전국,판매 중
스트레이키즈 스키즈 리노 커버 디아이콘 디페스타 포토북 포카,5000.0,4일 전,전국,판매 중
스트레이키즈 스키즈 언락 콘서트 포토북 양도 판매 엠디 md 굿즈,15000.0,4일 전,전국,판매 중
스트레이키즈 한 데이터,65000.0,5일 전,경기도 양주시 양주2동,판매 중
스트레이키즈 스키즈 프리쿠라판매,1000.0,5일 전,전국,판매 중
스트레이키즈 제주도 포토북,23000.0,5일 전,경기도 김포시 구래동,판매 중
smart 스트레이키즈 잡지,9500.0,5일 전,경기도 김포시 구래동,판매 중
스트레이키즈 디페스타 포토북,10000.0,5일 전,경기도 양주시 양주2동,판매 중
스트레이키즈 개봉앨범 팔아요,3000.0,5일 전,전국,판매 중
스트레이키즈 황현진 노이지 알라딘,6000.0,5일 전,전국,판매 중
스트레이키즈 승민 아크릴 액자,15000.0,5일 전,경기도 양주시 양주2동,판매 중
스트레이키즈 앨범,71000.0,1주 전,서울특별시 관악구 삼성동,판매 중
스트레이키즈 개봉앨범,10000.0,1주 전,전국,판매 중
스트레이키즈 개봉앨범,10000.0,1주 전,전국,판매 중
스트레이키즈 필릭스 일괄,25000.0,1주 전,전국,판매 중
스트레이키즈 공식 키트,1234.0,1주 전,경기도 부천시 심곡1동,판매 중
스트레이키즈 승민 굿즈 A2포스터 42x60cm,6500.0,1달 전,전국,판매 중
스트레이키즈 maxident,1000.0,1달 전,전국,판매 중
스트레이키즈 방찬 굿즈 A2포스터 42x60cm,6500.0,1달 전,전국,판매 중
스트레이키즈 아이엔 굿즈 A1포스터 60x84cm,14000.0,1달 전,전라남도 순천시 장천동,판매 중
스트레이키즈 아이엔 굿즈 A2포스터 42x60cm,6500.0,1달 전,전국,판매 중
필릭스 오리지널 디아이콘 디페스타  스키즈 스트레이키즈 포카 화보,55000.0,1달 전,서울특별시 서초구 서초3동,판매 중
스키즈 제주 전시회 포토북 화보집 미개봉 양도 스트레이키즈,50000.0,7일 전,전국,판매 중
스키즈 멕시던트 포스터 현진 필릭스 승민 한 리노 창빈 아이엔 방찬,3000.0,3주 전,전국,판매 중
스트레이키즈 스키즈 매니악 포토북 (in Seoul),45000.0,1달 전,전국,판매 중
디페스타 미니에디션 스트레이키즈 필릭스 포토북 / 바인더,10000.0,1달 전,전국,판매 중
스트레이키즈 스키즈 브로마이드,15000.0,1주 전,경기도 포천시 선단동,판매 중
스트레이키즈 프리쿠라,1000.0,1달 전,전국,판매 중
"스트레이키즈 제주도 엽서,실스티커 stay in stay",2000.0,1달 전,광주광역시 서구 풍암동,판매 중
구해요) 스키즈 비공굿 구해요!,1234.0,1달 전,전국,판매 중
스트레이키즈시즌그리팅 현진 분철 양도 미개봉달력 포함,18000.0,1달 전,광주광역시 서구 풍암동,판매 중
스트레이키즈 스키즈 시즌그리팅 엽서,15000.0,1주 전,인천광역시 남동구 논현고잔동,판매 중
스트레이키즈 스키즈 비공굿 판매,4500.0,1주 전,전국,판매 중
스트레이키즈 포토티겟,40000.0,1달 전,전국,판매 중
가격내림)스트레이키즈 맥시던트 미니 포스터 띠부씰 엽서,3500.0,1달 전,전국,판매 중
디페스타 미니 포토북 스트레이키즈 필릭스 미개봉 양도,40000.0,1달 전,대구광역시 달서구 진천동,판매 중
스트레이키즈 스테이 2기 키트 아이디카드 제외 양도 판매,80000.0,1달 전,전국,판매 중
스키즈 도무송 수요조사,1000.0,1달 전,전국,판매 중
스키즈 아이엔 비공굿 포토매틱,1000.0,2달 전,전국,판매 중
스트레이키즈 시그 분철,5000.0,1달 전,충청북도 충주시 연수동,판매 중
스키즈 2023시그 포카스탠딩카드네컷스티커,4000.0,1달 전,전국,판매 중
스트레이키즈 SKZ 포토북 플레이그라운드,100000.0,1달 전,부산광역시 부산진구 전포제1동,판매 중
스트레이키즈 스키즈 리노 디페스타 디스패치 데코북 양도(개봉),18000.0,1달 전,전국,판매 중
스트레이키즈 스키즈 2023 시즌그리팅 리노 이민호 양도 분철,10000.0,3달 전,전국,판매 중
스키즈 스트레이키즈 방찬 시즌그리팅 시그 분철,5200.0,3달 전,세종특별자치시  조치원읍,판매 중
스트레이키즈 제주 전시회 풀셋+..,35200.0,1달 전,충청북도 충주시 연수동,판매 중
스키즈 3기 리노 풀세트,8000.0,3달 전,전국,판매 중
스키즈 포카판사요,10000.0,3달 전,전국,판매 중
스트레이키즈 포토북 판매.,5000.0,3달 전,경기도 김포시 양촌읍,판매 중
스트레이키즈 일본 잡지 파일 / 초콜릿팩토리 굿즈 양도,5000.0,1달 전,전국,판매 중
스키즈 미니월드 시그 창반,5000.0,3달 전,전국,판매 중
스트레이키즈 현진 시즌그리팅,16000.0,3달 전,전국,판매 중
스트레이키즈 2023시즌그리팅 다이어리,5000.0,2달 전,전국,판매 중
스트레이키즈 스키즈 굿즈 판매/교환,4000.0,3달 전,경기도 남양주시 화도읍,판매 중
지금까지 모은 스키즈 스티커북 팝니다 빠른 구매 부탁해요,40000.0,3달 전,전국,판매 중
스트레이키즈 스키즈 팬클럽 스테이 3기 포토북,8000.0,1달 전,서울특별시 용산구 효창동,판매 중
스트레이키즈 노이지 한정반 버전 포토북,5000.0,1달 전,전국,판매 중
스트레이키즈 플레이그라운드 포토북 방찬 창빈 리노 승민 한지성 개인 양도,1000.0,1달 전,전국,판매 중
스트레이키즈 일본잡지 양도,5000.0,3달 전,전국,판매 중
스키즈 스트레이키즈 스키주 시그 포토북,6000.0,3달 전,경상남도 진주시 평거동,판매 중
스키즈 네시픽 분철(승+아),17500.0,3달 전,경기도 남양주시 다산2동,판매 중
스트레이 키즈 방찬 맥시던트 미니앨범 포스터,11500.0,3달 전,전국,판매 중
스트레이키즈 현진 노이지 예사 특전 스키즈,15000.0,3달 전,전국,판매 중
스트레이키즈 2021 시그,30000.0,3달 전,전국,판매 중
스키즈 현진 승민 필릭스 방찬 엽서 접지 러브레터 포스터 폴라 양도,10000.0,1달 전,전국,판매 중
스트레이키즈 스테이 stay 포토북,79000.0,3달 전,충청남도 부여군 부여읍,판매 중
스트레이키즈 홀로그램 스티커 팝니다,1500.0,3달 전,서울특별시 은평구 녹번동,판매 중
스트레이키즈 홀로그램 스티커 팝니다,1500.0,3달 전,서울특별시 은평구 녹번동,판매 중
스트레이키즈 리노 팬미팅 포토북 양도 포토티켓 증사 skz-x초콜릿팩토리,10000.0,1달 전,전국,판매 중
스트레이키즈 멕시던트 미니 포스터 (일괄),5000.0,2달 전,전국,판매 중
스트레이키즈 개봉앨범 양도 멕시던트 노이지 고생,2000.0,3달 전,전국,판매 중
스트레이키즈 스페셜 포토티켓 세트,19000.0,3달 전,전국,판매 중
스키즈 스트레이키즈 3공바인터 표지 양면,3000.0,2달 전,전국,판매 중
스트레이키즈 페이퍼 프레임 포토세트,18000.0,3달 전,전국,판매 중
스트레이키즈 2023 시그 짭폴라 양도,89000.0,3달 전,전국,판매 중
스키즈 2022 시즌그리팅 시그,15000.0,3달 전,전국,판매 중
스트레이키즈 노이지 소리꾼 포스터 일괄 스키즈 정규 2집 브로마이드,10000.0,3달 전,전국,판매 중
택포) 스트레이키즈 스키즈 닛케이 캔캠 cancam 잡지 엽서 부록 일괄,8500.0,3달 전,전국,판매 중
스트레이키즈 스키즈 일본 시그 S-318 특전 포스터 교환,99999.0,3달 전,전국,판매 중
"뉴진스,세븐틴, 무나급 처분 양도",1000.0,12분 전,경기도 남양주시 오남읍,판매 중
뉴진스 코카콜라포토북 팔아요,70000.0,6분 전,충청북도 청주시 청원구 내덕1동,판매 중
(1셋 30장 뉴진스 하니 도무송 판스,1000.0,10분 전,전국,판매 중
뉴진스,2000.0,3일 전,전국,판매 중
뉴진스 프리쿠라,7000.0,3일 전,전국,판매 중
뉴진스 특전,10000.0,3일 전,광주광역시 북구 임동,판매 중
뉴진스 메가패스,10000.0,3일 전,충청남도 천안시 서북구 쌍용2동,판매 중
뉴진스 코카콜라 엽서,1234.0,3일 전,서울특별시 금천구 시흥제3동,판매 중
뉴진스 코카콜라 포토북,40000.0,3일 전,전국,판매 중
뉴진스 시즌그리팅 미개봉,62000.0,3일 전,전국,판매 중
뉴진스 하니,12000.0,3일 전,전국,판매 중
뉴진스 코카콜라 포토북,35000.0,3일 전,전국,판매 중
뉴진스 시즌그리팅 미개봉,45000.0,3일 전,전국,판매 중
뉴진스 랜덤 포카,5000.0,3일 전,광주광역시 북구 임동,판매 중
뉴진스 포카 특전,1000.0,3일 전,광주광역시 북구 임동,판매 중
뉴진스 다니엘 친필싸인,13000.0,3일 전,전국,판매 중
뉴진스 코카콜라 제로 포토북,38000.0,3일 전,대전광역시 서구 내동,판매 중
마리끌레르 뉴진스 하니,4000.0,3일 전,전국,판매 중
뉴진스 민지 도무송 도안판매,1000.0,3일 전,경상남도 김해시 삼안동,판매 중
뉴진스 시그 단체 포카 일괄,5000.0,3일 전,전국,판매 중
(배변) 뉴진스 시즌그리팅,55000.0,1주 전,충청남도 아산시 온양2동,판매 중
블랙핑크 킬디스럽 포스터 판매,3000.0,2분 전,부산광역시 사상구 모라제1동,판매 중
blackpink 블랙핑크 hylt 앨범 포스터,5000.0,1시간 전,서울특별시 마포구 망원제1동,판매 중
블랙핑크 4+1 5주년 포토북 Blackpink photo book,15000.0,2시간 전,경기도 부천시 소사본동,판매 중
블랙핑크 팝업스토어  엽서,2000.0,1시간 전,전국,판매 중
블랙핑크 제니 프리노트,6900.0,1시간 전,부산광역시 부산진구 부전제2동,판매 중
블랙핑크 지수 me 포스터 레드/블랙 5개입(지관통포함),5000.0,1시간 전,전국,판매 중
블랙핑크 지수 꽃 앨범 양면 포스터 (2장 + 지괸통 포함 가격),4000.0,1시간 전,전국,판매 중
블랙핑크 피규어,25000.0,3시간 전,광주광역시 북구 오치1동,판매 중
블랙핑크 마지막처럼 엽서 세트,4000.0,3시간 전,전국,판매 중
블랙핑크 제니 미개봉 더블유 잡지,10000.0,4시간 전,전국,판매 중
"블랙핑크 제니,지수 도무송 판매",1000.0,20시간 전,전국,판매 중
블랙핑크 HYLT 포토앨범 지수 blackpink photoalbum,15000.0,2일 전,서울특별시 마포구 망원제1동,판매 중
블랙핑크 랜박,2000.0,19시간 전,서울특별시 강동구 명일제1동,판매 중
블랙핑크 비공굿 슬로건,5000.0,19시간 전,서울특별시 강동구 명일제1동,판매 중
블랙핑크 리사 브로마이드,2000.0,13시간 전,서울특별시 광진구 광장동,판매 중
블랙핑크 오레오 가방,10000.0,20시간 전,전국,판매 중
블랙핑크 제니 포토북+포스터,60000.0,21시간 전,전국,판매 중
블랙핑크 특전 엽서 양도,6000.0,12시간 전,전국,판매 중
블랙핑크 굿즈 미개봉 원가 양도,10000.0,17시간 전,경기도 성남시 분당구 정자1동,판매 중
"블핑 도무송,블핑 포토매틱(젠츄리챙)제니,리사,지수,로제",1000.0,21시간 전,서울특별시 구로구 수궁동,판매 중
블랙핑크 2021 썸머 다이어리 에버랜드 미개봉,43000.0,23시간 전,전국,판매 중
(택포) 블랙핑크 리사 포토북4 (개봉),15000.0,14시간 전,부산광역시 기장군 기장읍,판매 중
블랙핑크 리사 포토북 세컨드 에디션 신품 미개봉,35000.0,13시간 전,인천광역시 서구 청라1동,판매 중
블랙핑크 웰커밍 컬렉션 일부구성 2022 판매합니다,10000.0,15시간 전,전국,판매 중
블랙핑크 더 앨범 화보집or포스트카드 세트 또는 앨범전체,6000.0,12시간 전,전국,판매 중
블랙핑크 오레오 2등  (굿즈 4종 +블핑포토카드),40000.0,4일 전,전국,판매 중
블랙핑크 더무비 지수 필름,10000.0,20시간 전,전국,판매 중
블랙핑크 하유라잌댓 풀구성(+미니 포스터),7000.0,20시간 전,전국,판매 중
"블랙핑크 도무송 (블핑 판스,도무송)",1800.0,4일 전,전국,판매 중
블랙핑크 리사 포토북,8000.0,2일 전,전국,판매 중
블랙핑크 리사 포토북,5000.0,2일 전,전국,판매 중
블랙핑크 비공굿포스터,5000.0,2일 전,서울특별시 강동구 명일제1동,판매 중
블랙핑크 잡지 판매,5000.0,2일 전,전국,판매 중
블랙핑크 썸머다이어리 2021,45000.0,2일 전,전국,판매 중
블랙핑크 2021 시즌그리팅 풀구성,40000.0,2일 전,전국,판매 중
글리터 블랙핑크 표지 일본잡지,6000.0,2일 전,서울특별시 노원구 상계1동,판매 중
블랙핑크 콘서트 본핑크 후디 후드 blackpink,88000.0,7일 전,전국,판매 중
블랙핑크 멤버쉽 키트 텀블러,13000.0,2일 전,전국,판매 중
블랙핑크 2019 팬미팅  특전,45000.0,2일 전,서울특별시 중랑구 묵제1동,판매 중
블랙핑크 지수 솔로앨범 Me 포스터,3500.0,2일 전,경기도 평택시 송탄동,판매 중
블랙핑크 본핑크 제니 디지팩 초도한정 포스터 blackpink,3000.0,4일 전,전국,판매 중
블랙핑크 콘서트 플래티넘 굿즈 후드티 판매,140000.0,2일 전,전국,판매 중
오레오 블랙핑크 (충전기 빼고),18000.0,2일 전,전국,판매 중
블랙핑크 5주년 포토북 풀구성 팝니다,90000.0,2일 전,충청남도 아산시 온양4동,판매 중
블랙핑크 핑크베놈 팝업스토어 마그넷세트,5000.0,2일 전,경기도 평택시 송탄동,판매 중
"블랙핑크 본핑크, 하율 엽서 라지 포카 교환",1800.0,2일 전,경기도 화성시 향남읍,판매 중
블랙핑크 더쇼 dvd 엽서 카드 blackpink the show dvd,1000.0,5일 전,전국,판매 중
블랙핑크 2022 시즌그리팅,20000.0,3일 전,전국,판매 중
블랙핑크 2022 시즌그리팅,15000.0,3일 전,전국,판매 중
블랙핑크 블핑 시그 2021년,8000.0,1달 전,경상북도 안동시 옥동,판매 중
블랙핑크 책팔아요,10000.0,3일 전,전국,판매 중
블랙핑크 공방 굿즈 슬로건,9999.0,3일 전,전국,판매 중
블랙핑크 엽서 판매/교환,1111.0,3일 전,전국,판매 중
블랙핑크 2020 썸다,25000.0,3일 전,전국,판매 중
블랙핑크 제니 핑크 토끼 스티커,1700.0,3일 전,전국,판매 중
블랙핑크 디앨범 더앨범 엽서,2000.0,3일 전,전국,판매 중
블랙핑크 2020 썸다 폴라,5000.0,3일 전,전국,판매 중
블랙핑크 빌보드 잡지,45000.0,6일 전,전국,판매 중
블랙핑크 지수 엘르 화보집,8000.0,6일 전,전국,판매 중
"블랙핑크 케이포타운 특전 포카 지수,리사",13000.0,6일 전,인천광역시 서구 연희동,판매 중
블랙핑크 5주년 4+1 팝업 한정판 엽서 블핑,5000.0,3달 전,부산광역시 동래구 명륜동,판매 중
블랙핑크 blackpink 뿅봉 포카 (한정판),30000.0,2달 전,서울특별시 영등포구 영등포본동,판매 중
블랙핑크 리사 포토프레임,10000.0,7일 전,전국,판매 중
블랙핑크 (BLACKPINK) - 2021 시즌그리팅,37000.0,3달 전,전국,판매 중
블랙핑크 오레오 한정판 스티커,10000.0,1달 전,서울특별시 성북구 종암동,판매 중
블랙핑크 친필싸인 더앨범,120000.0,3달 전,전국,판매 중
블랙핑크 2021 시즌그리팅 포토카드,2000.0,3달 전,전국,판매 중
택포)리사 포토북 버전 3 원가이하 양도 블랙핑크,15000.0,3달 전,서울특별시 송파구 장지동,판매 중
블랙핑크 얼리버드 멤버쉽 굿즈,8000.0,3달 전,경기도 남양주시 별내동,판매 중
(정보구함) 아이브 장원영 포카,1004.0,1분 전,전국,판매 중
(10장)아이브 프리쿠라,1000.0,9분 전,전국,판매 중
아이브 위드뮤 2차 사웨에버라인애플뮤직 미공포 럭드 포토카드 판매,10000.0,17분 전,서울특별시 성동구 행당제1동,판매 중
아이브 앺라 럽다 초판 한정 써클 엽서 가을 이서 레이 리즈 원영 유진,1000.0,54분 전,전국,판매 중
아이브 도무송 장원영 판스 스티커 원영 비공굿 판매,1000.0,2시간 전,전국,판매 중
ive 아이브 after like 애프터라이크 개봉앨범ver.2,1500.0,2일 전,경상남도 김해시 북부동,판매 중
3배 랜박) 아이브 도무송 판스 프리쿠라 비공굿,1000.0,14시간 전,전국,판매 중
(5+1) 아이브 장원영 판스 도무송 비공굿,1000.0,21시간 전,대전광역시 서구 관저2동,판매 중
(초판포함 구성선택 가능) 아이브 아이엠 개봉앨범,5000.0,17시간 전,대구광역시 수성구 수성1가동,판매 중
(서클엽서포함) 개봉앨범 아이브 애프터라이크,2000.0,3일 전,전국,판매 중
아이브 포카 판매합니다!,4500.0,5일 전,전국,판매 중
에스파 친필 싸인시디 판매합니다!,150000.0,57분 전,전국,판매 중
[배송비 포함] 에스파 걸스 카리나/윈터 접지포스터,13000.0,1시간 전,전국,판매 중
에스파 카리나 비공굿 주접 스티커,1000.0,2시간 전,광주광역시 북구 두암1동,판매 중
에스파 포카 팔아요,22000.0,3시간 전,전국,판매 중
에스파 걸스 포스터,3000.0,4일 전,경상남도 양산시 물금읍,판매 중
"에스파 2023 시즌그리팅 인스,포스터,키링판,포토북",4500.0,1주 전,전국,판매 중
에스파 지젤&닝닝 포카 교환&판매,1004.0,1주 전,전국,판매 중
에스파2022시그 포카 엽서 판매양도,6000.0,1주 전,부산광역시 동구 범일제5동,판매 중
에스파 2023시그 판매 (포카포함),20000.0,1주 전,전국,판매 중
"에스파 시즌그린팅,앨범",50000.0,2주 전,서울특별시 성북구 정릉제2동,판매 중
에스파 굿즈 A2포스터 브로마이드,6500.0,1달 전,전라남도 순천시 장천동,판매 중
에스파 윈터 굿즈 대형 족자 브로마이드,15000.0,1달 전,전라남도 순천시 장천동,판매 중
에스파 지젤 굿즈 대형 족자 브로마이드,15000.0,1달 전,전라남도 순천시 장천동,판매 중
에스파 카리나 굿즈 대형 족자 브로마이드,15000.0,1달 전,전라남도 순천시 장천동,판매 중
에스파 개봉앨범,2000.0,1달 전,전라남도 순천시 해룡면,판매 중
에스파 윈터 카리나 도무송,1000.0,1달 전,전국,판매 중
에스파시그,5000.0,1달 전,전국,판매 중
에스파 닝닝 굿즈 대형 족자 브로마이드,15000.0,1달 전,전라남도 순천시 장천동,판매 중
에스파 스티커 세트,4000.0,1달 전,전국,판매 중
에스파 지젤 굿즈 A1포스터 브로마이드,14000.0,1달 전,전국,판매 중
에스파 닝닝 굿즈 A1포스터 브로마이드,14000.0,1달 전,전국,판매 중
에스파 윈터 굿즈 A1포스터 브로마이드,14000.0,1달 전,전국,판매 중
에스파 smcu express 포스터,2000.0,1달 전,전국,판매 중
엔시티드림 캔디 포토북 재민 양도(가격내림),3000.0,3달 전,전국,판매 중
Nct 엔시티 드림 디아이콘 풀박양도,35000.0,3일 전,전국,판매 중
엔시티 드림 비트박스 영스타 뉴스쿨 포토북 마크 양도,1500.0,7일 전,전국,판매 중
엔시티드림 2023 시그 시즌그리팅 미개봉 본품 양도,42000.0,4달 전,전국,판매 중
엔시티 드림 2023 시그,20000.0,3주 전,전국,판매 중
엔시티드림 헬로퓨처 퓨처 마크,2000.0,5달 전,전국,판매 중
드림어드림 엔시티 드림 포토북,15000.0,2주 전,충청남도 아산시 온양3동,판매 중
2021 엔시티드림 시그 시즌그리팅 분철,5000.0,6달 전,전국,판매 중
엔시티드림 천러 포스터,1000.0,6달 전,전국,판매 중
엔시티 드림 시그,1234.0,1달 전,전국,판매 중
엔시티 드림 캔디 엘범 지성 일괄 판매,2000.0,2주 전,전국,판매 중
엔시티 드림 릴로드 라이딩 앨범 런쥔 포스터,5000.0,1주 전,전국,판매 중
엔시티 드림 런쥔 맛 페브릭 포스터,15000.0,6일 전,전국,판매 중
엔시티 드림 2022 시그 판매합니다,6000.0,1주 전,전국,판매 중
엔시티 인생네컷 드림시네마 당첨,13000.0,1주 전,경상북도 경주시 용강동,판매 중
nct 엔시티 드림 천러 액자 간지러님,12000.0,2주 전,전국,판매 중
엔시티 드림 디아이콘 제노,7000.0,3주 전,전국,판매 중
엔시티 드림 2022 시즌 그리팅 멤버 분철 양도,6000.0,1주 전,전국,판매 중
엔시티드림 캔디 스페셜 크리스마스카드 분철,2000.0,5달 전,서울특별시 서대문구 홍제제2동,판매 중
엔시티드림 굿즈 처분,1500.0,8달 전,대전광역시 서구 정림동,판매 중
엔시티 드림 캔디 디지팩 포토북 포스터,2000.0,4달 전,전국,판매 중
드림어드림 포토북 양도,20000.0,4달 전,전국,판매 중
 엔시티 드림 정장 증사 마크 양도받아요 ,1000.0,6달 전,전국,판매 중
엔시티 드림 127 공굿 비공굿 랜봉 랜박,4000.0,8달 전,서울특별시 강서구 우장산동,판매 중
엔시티 드림 디아이콘 지성 양도 받아요,4000.0,7달 전,광주광역시 동구 지산1동,판매 중
엔시티 드림 개봉앨범&디지팩,2470.0,6달 전,충청북도 청주시 상당구 남일면,판매 중
드림어드림 포토북+엽서북 양도받아용,4000.0,4달 전,전국,판매 중
엔시티 드림 127 랜포 랜봉 판매,1000.0,8달 전,전국,판매 중
엔시티 드림 포스터 양도,1000.0,8달 전,전국,판매 중
엔시티 드림 위고업 고급인화 지성 미개봉 양도,8000.0,7달 전,전국,판매 중
엔시티127 김도영 홈마 액자 양도 a3,22000.0,1달 전,울산광역시 중구 성안동,판매 중
"NCT127 X PUMA 포스터,엽서 개당 3000",3000.0,3달 전,전국,판매 중
nct#127 정규2집 리패키지 (2nd player),8000.0,1달 전,광주광역시 북구 양산동,판매 중
엔시티 127 키노 양도해요!,2000.0,3달 전,전국,판매 중
엔시티 nct 127 2022 시그 태용쟈니유타 분철 양도 미공포,2000.0,3달 전,전국,판매 중
엔시티127 에이요 마크 접지엽서스커세트,6500.0,1달 전,전국,판매 중
2022 엔시티127 시즌그리팅 재현 풀세트,7000.0,3달 전,전국,판매 중
엔시티127 태일 엽서,1000.0,3달 전,전국,판매 중
엔시티 127 디아이콘 시티오브엔젤 해찬 ver,10000.0,1달 전,전국,판매 중
엔시티127 태일 포스터,1000.0,3달 전,전국,판매 중
nct 127 2023시그 쟈니 분철,2500.0,1달 전,전국,판매 중
엔시티127 시그 달력,4000.0,3달 전,경상남도 통영시 미수동,판매 중
NCT127 엔시티 태용 디스패치 디아이콘 포토북 판매,35000.0,2달 전,전국,판매 중
엔시티127스티커 서울시티 드림 맛 미개봉 포스터 양도,1000.0,4달 전,전국,판매 중
nct127 2023 시그 분철 양도,2000.0,3달 전,전국,판매 중
엔시티 127 2022 시즌그리팅,15000.0,4달 전,경기도 화성시 봉담읍,판매 중
nct127 시즌그리팅 미개봉 세상품 풀셋,30000.0,4달 전,전국,판매 중
유타 태용 태일 쟈니 nct127 2023시즌그리팅 분철,5000.0,4달 전,전국,판매 중
nct 127 2022 시그 양도,20000.0,3달 전,전국,판매 중
NCT127 브로마이드,1000.0,3달 전,전국,판매 중
엔시티 127 도영 시즌그리팅 시그 분철 양도,7000.0,3달 전,전국,판매 중
디페스타 디아이콘 엔시티 재현 포토북 미개봉 nct127,50000.0,3달 전,전국,판매 중
엔시티127 시그 시즌그리팅 2021,20000.0,3달 전,경상남도 김해시 진영읍,판매 중
엔시티127 쟈니 캔버스 액자,12000.0,3달 전,서울특별시 마포구 서교동,판매 중
엔시티 127 2022 시즌그리팅(시그),15000.0,7달 전,전국,판매 중
엔시티 127 디페스타 데코북 + 스티커,10000.0,7달 전,전국,판매 중
NCT 127 2022 시즌 그리팅 풀셋,25000.0,7달 전,전국,판매 중
NCT127 LIFE IN GAPYEONG 포토북,5000.0,9달 전,경상북도 경산시 동부동,판매 중
nct127  펀치 2버전 앨범 팔아요!!,5000.0,7달 전,인천광역시 남구 문학동,판매 중
NCT127 네이처리퍼블릭 화보집,17000.0,8달 전,전국,판매 중
2021 코스모폴리탄 3월호,4000.0,2주 전,대구광역시 달서구 용산1동,판매 중
엔시티 라이프 가평 포토북 팔아용,4000.0,1달 전,전국,판매 중
엔시티드림 위고업 포그터,5000.0,2주 전,서울특별시 마포구 서강동,판매 중
nct 엔시티 굿즈 A2포스터 42x60cm,6500.0,3주 전,전라남도 순천시 장천동,판매 중
엔시티 전시회 홈 양도받아여,1600.0,3주 전,전국,판매 중
해찬 비공굿 스티커,1000.0,3달 전,전국,판매 중
엔시티 브로마이드,2000.0,10달 전,전국,판매 중
방탄소년단 진 석진 a2 액자 양도,25000.0,15시간 전,전국,판매 중
방탄 bts 굿즈 윙파 웸블리 스픽콘 프리미엄포토 프포 정국 진 슈가,100000.0,18시간 전,전국,판매 중
방탄소년단 일본 매직샵 렌티큘러 양도,15000.0,18시간 전,전국,판매 중
방탄 소년단 윤기 슈가 포토북/포카,10000.0,2일 전,전국,판매 중
미개봉) 방탄소년단 남준RM 럽셀 프포,7500.0,19시간 전,전국,판매 중
"방탄소년단 정국,태형,석진,호석 프포 일괄양도",150000.0,23시간 전,전국,판매 중
bts BTS 방탄 방탄소년단 맵오브더소울 포스터 4종 일괄판매,7000.0,4일 전,서울특별시 도봉구 방학제2동,판매 중
bts BTS 방탄 방탄소년단 맵오브소울 페르소나 포스터 4종 일괄판매,7000.0,4일 전,서울특별시 도봉구 방학제2동,판매 중
"(덤 드림)방탄소년단 방탄 bts 굿즈 아미 공식 키트 (4, 6기)",15000.0,4일 전,전국,판매 중
방탄소년단 BTS 2020 시즌그리팅,10000.0,5일 전,서울특별시 송파구 방이2동,판매 중
방탄소년단 bts 뷔 태형 지민 전시회 굿즈 포스터 포카 부채 스티커 등,10000.0,2일 전,전국,판매 중
bts 방탄소년단 더팩트(차이나) 포토북 스페셜 에디션 일괄판매합니다.,75000.0,2일 전,전국,판매 중
방탄소년단 2021 달마중 정국 플립포토 데이 나잇,15000.0,13시간 전,경기도 부천시 역곡1동,판매 중
방탄소년단 맵솔콘 윤기 프포 단체 이미지 플래그,10000.0,14시간 전,전국,판매 중
방탄소년단 17520 취소된 머스터 미니포카 양도,30000.0,12시간 전,전국,판매 중
방탄소년단 BTS 포스터 일괄,45000.0,5일 전,서울특별시 동작구 대방동,판매 중
방탄 방탄소년단 맵솔콘 스픽콘 온콘 프포,5000.0,18시간 전,전국,판매 중
방탄소년단 맵솔원 컨셉포토북 스페셜 세트 양도,25000.0,18시간 전,서울특별시 노원구 상계1동,판매 중
방탄소년단 2021시즌그리팅 시그 포카제외 일부 일괄 양도,15000.0,19시간 전,전국,판매 중
"BTS 방탄소년단 맵솔 컨셉북 (풀셋양도, 진지민남준)",50000.0,2일 전,전국,판매 중
일괄 방탄소년단 2019 썸머패키지 썸패 개인 포스터,6000.0,20시간 전,전국,판매 중
방탄소년단 BTS 디아이콘 단체 버전,12000.0,5일 전,서울특별시 송파구 방이2동,판매 중
bts 방탄소년단 맵솔 바인더,23000.0,5일 전,전국,판매 중
방탄소년단 드나 빵야 태형 단체 공방포카,150000.0,13시간 전,전국,판매 중
BTS 영화 상영 굿즈 엽서,1000.0,2일 전,전국,판매 중
방탄소년단 정국 온콘 프리미엄포토 판매,9000.0,15시간 전,서울특별시 관악구 조원동,판매 중
방탄소년단 화양연화 더노트 1 (+무대 위의 아이돌),20000.0,17시간 전,전국,판매 중
방탄소년단 정호석 jhope 프리미엄포토 (미개봉) 프포,8000.0,17시간 전,전국,판매 중
방탄소년단 방방콘 MD 미니포토카드 세트 판매2,10000.0,18시간 전,서울특별시 노원구 상계1동,판매 중
방탄소년단 bts 주간동아 잡지,5000.0,5일 전,울산광역시 중구 다운동,판매 중
방탄소년단 2021 페스타 스탠드 무드등 포토 프레임 원가 양도 원양,35000.0,13시간 전,서울특별시 관악구 인헌동,판매 중
방탄소년단 2019 썸패 썸머패키지 방탄 공굿 굿즈,18000.0,16시간 전,전국,판매 중
bts 매직샵 도어사인,10000.0,2일 전,전국,판매 중
방탄소년단 BTS 디아이콘 개인 버전(지민),12000.0,5일 전,서울특별시 송파구 방이2동,판매 중
bts 방탄소년단 2018 시즌그리팅 탁상달력,10000.0,5일 전,충청남도 아산시 온양3동,판매 중
방탄소년단 방방콘 윤기 포토프롭 렌티큘러 키링,16000.0,14시간 전,전국,판매 중
방탄 정국 비공굿 제작 비공굿 포카 판스 엽서 도무송 무중복 방탄소년단,1000.0,16시간 전,전국,판매 중
방탄소년단 윤기 SUGA 윙파 프리미엄포토 프포 (미개봉),14000.0,17시간 전,전국,판매 중
방탄소년단 데코키트 DECO KIE 포카제외 일부 일괄 양도,20000.0,19시간 전,전국,판매 중
방탄소년단 뷔 태형 윙드 컨셉트북 렌티큘러 포카,40000.0,20시간 전,서울특별시 종로구 혜화동,판매 중
방탄소년단 프리미엄포토 프포 양도 석진 지민 태형 정국,4000.0,14시간 전,전국,판매 중
방탄소년단 굿즈(공굿&비공굿)판매 0.5/1.0/2.0/3.0,5000.0,16시간 전,전국,판매 중
방탄소년단 맵솔콘 MD 미니포토카드 세트 판매6,10000.0,18시간 전,서울특별시 노원구 상계1동,판매 중
"BTS 진, 정국 퍼즐 (포카 O)",7000.0,2일 전,대전광역시 서구 갈마1동,판매 중
[BTS]FILA 휠라 방탄소년단 브로마이드(미사용),4000.0,5일 전,서울특별시 강남구 개포1동,판매 중
방탄소년단 bts 공식굿즈 단체 캔버스포토,25000.0,5일 전,전국,판매 중
방탄소년단 BTS 18시그 풀박,30000.0,6일 전,경기도 시흥시 정왕1동,판매 중
방탄 소년단 태형 뷔 전시회 굿즈 양도,9000.0,1주 전,전국,판매 중
방탄 anan 석진 남준 BTS 보그 지큐 잡지 양도,7000.0,2일 전,전국,판매 중
(미개봉) The fact BTS photobook special edi,40000.0,2일 전,전국,판매 중
방탄소년단 BTS 콘셉트 포토북 양도,80000.0,6일 전,전국,판매 중
방탄소년단 잡지,10000.0,2일 전,서울특별시 중랑구 상봉제1동,판매 중
방탄소년단(화양연화),10000.0,2일 전,전국,판매 중
방탄소년단 디아이콘 bts goes on  미개봉 종합반 단체,22000.0,3일 전,전국,판매 중
방탄소년단 bts 프리미엄포토 프포 정국 판매,7000.0,3일 전,전국,판매 중
"방탄소년단 BTS 스프레드포토, 필름포토",15000.0,6일 전,대전광역시 유성구 전민동,판매 중
방탄소년단 포스터,7000.0,2일 전,울산광역시 동구 일산동,판매 중
방탄소년단 프리미엄 포토 프포 양도,5000.0,2일 전,전국,판매 중
방탄소년단 단체 슈가 윤기 이미지 피켓 일괄,18000.0,2일 전,전국,판매 중
방탄소년단 부산콘 포토북 판매해요,20000.0,2일 전,서울특별시 강동구 강일동,판매 중
방탄소년단) 2021 달마중 태형 플립포토,20000.0,2일 전,전국,판매 중
방탄소년단 굿즈 판매(굿즈정리합니다),8000.0,2일 전,전국,판매 중
방탄소년단 일본 머스터 4기 이미지 플래그,25000.0,2일 전,전국,판매 중
방탄소년단 럽셀 프로그램북 포토북,11000.0,2일 전,전국,판매 중
방탄소년단 맵오프소울 원 콘서트 포스터,5000.0,2일 전,전국,판매 중
방탄소년단 단체 화보 남준 포카 양도 판매,25000.0,2일 전,전국,판매 중
방탄소년단 소우주 정국 포토프롭(미개봉),22000.0,2일 전,전국,판매 중
방탄소년단 나우3  포카포함 (단순개봉),150000.0,2일 전,경기도 광명시 광명3동,판매 중
2020 방탄소년단 메모리즈(택비포함가격),53000.0,2일 전,전국,판매 중
방탄소년단 럽셀콘 프로그램북 판매,7000.0,2일 전,전국,판매 중
방탄소년단 BTS 팝업스토어 스티커,4000.0,4일 전,전국,판매 중
방탄소년단 Proof 스탠다드 컴팩트 세트 앨범 양도,60000.0,2일 전,전국,판매 중
방탄소년단 현대자동차 포스터 2장 일괄,2000.0,2일 전,전국,판매 중
방탄소년단 일본 앙앙 잡지 BTS,1000.0,4일 전,전국,판매 중
몬스타엑스 형원 액자,5000.0,2달 전,인천광역시 남구 학익2동,판매 중
몬엑 몬스타엑스 22 시그 달력,3000.0,4달 전,전국,판매 중
몬스타엑스 리즌 특전 쥬얼앨범,1000.0,4달 전,전국,판매 중
몬스타엑스 6기팬콘 굿즈,10000.0,4달 전,경기도 수원시 권선구 금곡동,판매 중
몬스타엑스 기현 굿즈 A2포스터 42x60cm,6500.0,4달 전,전라남도 순천시 장천동,판매 중
몬스타엑스 몬베베월드 양도,30000.0,2달 전,전국,판매 중
몬스타엑스 민혁 굿즈 A2포스터 42x60cm,6500.0,4달 전,전라남도 순천시 장천동,판매 중
몬스타엑스 셔누 브이라이브 인화 사진,15000.0,6달 전,전국,판매 중
몬스타엑스 2021 시즌그리팅,15000.0,5달 전,전국,판매 중
몬스타엑스 2020 시즌그리팅,10000.0,5달 전,전국,판매 중
몬스타엑스 팬콘 포스터,3000.0,5달 전,전국,판매 중
몬스타엑스 칠렉스 포토북 양도 칠라엑스,22000.0,5달 전,전국,판매 중
MONSTA X NO LIMIT TOUR in SEOUL 포스터 세트 기,12000.0,6달 전,전국,판매 중
몬스타엑스 일본 팬미팅 PICNIC 포스터,3000.0,5달 전,전국,판매 중
몬베베7기 키트 몬스타엑스 몬엑 공식,25000.0,5달 전,전국,판매 중
2022 몬스타엑스 시즌그리팅,40000.0,5달 전,전국,판매 중
원호액자몬엑몬스타엑스셔누형원아이엠창균주헌스티커팬북포토북시그포카교환앨범폴꾸,30000.0,4달 전,부산광역시 부산진구 부전제1동,판매 중
몬스타엑스 공식 키트 4기 5기 6기 7기,8000.0,5달 전,전국,판매 중
몬스타엑스 몬지 파우치 캐릭터 굿즈,19000.0,5달 전,전국,판매 중
몬스타엑스 셔누 왕부채,11000.0,5달 전,인천광역시 연수구 동춘2동,판매 중
몬스타엑스 기현 슈스쉽 포토 슬로건 양도합니다,30000.0,5달 전,부산광역시 중구 부평동,판매 중
몬스타엑스앨범,16000.0,7달 전,전국,판매 중
몬엑 기현 11월이 담은 순간 엽서 세트,15000.0,6일 전,전국,판매 중
(A3)몬스타엑스 민혁 형원 액자 양도합니다,1000.0,1주 전,경기도 화성시 동탄6동,판매 중
몬스타엑스 7기 포토북 미개봉,3000.0,2주 전,경기도 시흥시 연성동,판매 중
몬스타엑스 몬베베 5기 키트,5000.0,2주 전,경기도 광주시 곤지암읍,판매 중
몬스타엑스 7기 기트,12000.0,3주 전,인천광역시 서구 검단1동,판매 중
몬스타엑스 시그,10000.0,3주 전,전국,판매 중
몬스타엑스 셔누 코스모폴리탄 2020.09월호,6000.0,2주 전,부산광역시 남구 용호제3동,판매 중
몬스타엑스 폴라로이드 일괄,6000.0,1달 전,경기도 군포시 산본2동,판매 중
몬스타엑스 몬베베 7기 키트,10000.0,3달 전,전국,판매 중
몬스타엑스 2022 시그,10000.0,3달 전,전국,판매 중
몬스타엑스 2022 시즌그리팅 데스크캘린더 패키지 미개봉,30000.0,3달 전,전국,판매 중
몬스타엑스 7기 키트 형원,7000.0,1달 전,전국,판매 중
몬스타엑스 4기 키트 일부,5000.0,3달 전,서울특별시 관악구 신림동,판매 중
인생네컷 포토이즘 몬스타엑스몬엑리즌reason창균아이엠,1000.0,3달 전,서울특별시 구로구 구로제2동,판매 중
몬스타엑스 6기 팬콘 키트 아이엠,15000.0,1달 전,전국,판매 중
몬스타엑스 2022시그 +민혁 키링 (가능한 만큼 가격 맞춰드려요!),12000.0,2달 전,전국,판매 중
몬스타엑스 더현대 리즌 팝업 아이엠 포스터,10000.0,1달 전,전국,판매 중
몬스타엑스 2기 팬클럽 키트 회원카드제외,20000.0,1달 전,대전광역시 서구 정림동,판매 중
"몬스타엑스 W 더블유 형원, 싱글즈 형원,기현 잡지",5000.0,1달 전,전국,판매 중
몬스타엑스 형원 액자,1004.0,2달 전,전국,판매 중
몬스타엑스 2019 시즌그리팅 풀박 양도,30000.0,2달 전,서울특별시 광진구 구의제1동,판매 중
몬스타엑스 민혁 시그,5000.0,2달 전,전국,판매 중
몬스타엑스 후즈팬 미공포 판매합니다,5000.0,3달 전,전국,판매 중
몬스타엑스 2022 시그 시즌그리팅,20000.0,2달 전,서울특별시 영등포구 도림동,판매 중
몬스타엑스 셔누 민혁 기현 형원 주헌 아이엠 포카,1000.0,2달 전,전국,판매 중
몬스타엑스 5기 팬콘 키트,20000.0,2달 전,전국,판매 중
몬스타엑스 몬베베 4기 키트 일괄,20000.0,2달 전,전국,판매 중
몬스타엑스 몬엑 토니모리 싸인 엽서 일괄,18000.0,2달 전,경기도 남양주시 진접읍,판매 중
몬스타엑스 리즌 팝업스토어 스티커 포토북,21000.0,2달 전,전국,판매 중
앳스타일 기현/싱글즈 민혁/몬스타엑스 잡지,6500.0,3달 전,전국,판매 중
몬스타엑스 6기 키트,9000.0,2달 전,전국,판매 중
몬스타엑스 몬베베 7기 키트,9500.0,2달 전,경기도 구리시 교문2동,판매 중
세븐틴 2020시그 포스터 / 호시 일본 돔 L자파일,2000.0,2일 전,전국,판매 중
세븐틴 포토북,16000.0,5일 전,전국,판매 중
세븐틴 디패스타 디스패치 디아이콘 미니에디션,3000.0,2일 전,전국,판매 중
세븐틴 페더썬 엽서 디노 원우 호시 에스쿱스,3000.0,2일 전,전국,판매 중
세븐틴 23 시그,3000.0,5일 전,대구광역시 서구 비산4동,판매 중
세븐틴 2022 시즌그리팅,3000.0,5일 전,전국,판매 중
세븐틴 비공굿 포토매틱 정한 호시 원우 디에잇 부승관,1717.0,2일 전,전국,판매 중
세븐틴 문준휘 준 파워써클 11월호,12000.0,2일 전,전국,판매 중
세븐틴 굿즈 포스터 양도,15000.0,5일 전,강원도 춘천시 퇴계동,판매 중
미개봉 큐브미 워터플러스 세븐틴 에디션 엽서 + 바닐라코 정한,4000.0,4일 전,전국,판매 중
인더숲 세븐틴 포토북,20000.0,5일 전,전국,판매 중
세븐틴 조슈아 생일박스,16000.0,5일 전,전국,판매 중
세븐틴 드림 미개봉,1000.0,5일 전,전국,판매 중
2023 세븐틴 시그 시즌그리팅,10000.0,5일 전,전국,판매 중
세븐틴 카페 트레카 포카,1000.0,5일 전,경기도 수원시 장안구 정자3동,판매 중
세븐틴 굿즈 일괄 판매,25000.0,5일 전,전국,판매 중
세븐틴 디아이콘포토북디페스타포카 렌티큘러미니에디션바인더 정한원우호시,1717.0,2일 전,전국,판매 중
세븐틴 게임보이 미개봉 포토북 양도,5000.0,5일 전,전국,판매 중
세븐틴 디아이콘 준 풀셋,18000.0,5일 전,전국,판매 중
디디치킨 2018 포스터 세븐틴,2000.0,5일 전,경기도 안양시 동안구 비산3동,판매 중
세븐틴 시그 시즌그리팅 21시그 양도,32000.0,5일 전,대구광역시 북구 동천동,판매 중
"세븐틴 엽서 (섹터17,페더썬,아타카,유어초이스,세미콜론,언오드)",2000.0,4일 전,전국,판매 중
세븐틴 에스쿱스 디아이콘 양도,23000.0,5일 전,대구광역시 동구 방촌동,판매 중
[신상]세븐틴 비공굿 엽서(단체),1000.0,4일 전,전국,판매 중
[신상]세븐틴 비공굿 미니슬로건,1000.0,4일 전,전국,판매 중
세븐틴 샤다콘 조슈아 승관 포스터,3000.0,4일 전,전국,판매 중
세븐틴 언오드 포토북 양도,1000.0,1주 전,전국,판매 중
세븐틴 디아이콘 포토북 엘홀더,20000.0,1주 전,전국,판매 중
세븐틴 FML 엽서 분철!,2500.0,1주 전,전국,판매 중
세븐틴 잡지 + 호시 포카 판매,14500.0,1주 전,전국,판매 중
세븐틴 민규 디아이콘 풀셋 양도,25000.0,1주 전,부산광역시 남구 용호제2동,판매 중
세븐틴 아타카 op.3 구성품,2000.0,1주 전,서울특별시 마포구 서강동,판매 중
세븐틴 아타카 op.1 구성품,2000.0,1주 전,서울특별시 마포구 서강동,판매 중
세븐틴 원우 생일박스,38000.0,1주 전,충청북도 증평군 증평읍,판매 중
세븐틴 전시회 액자 양도합니다,20000.0,1주 전,경상남도 창원시 의창구 명곡동,판매 중
세븐틴 도겸 디아이콘 포카 포토북 양도,80000.0,1주 전,대구광역시 북구 동천동,판매 중
세븐틴 고잉 잡지 (급처,10000.0,1주 전,전국,판매 중
세븐틴 스쿱마켓!,4000.0,2주 전,전국,판매 중
세븐틴 2023 시즌그리팅 캘린더&특전포토포함,89000.0,1주 전,전국,판매 중
세븐틴 우지 대형 족자 브로마이드,15000.0,1주 전,전라남도 순천시 장천동,판매 중
세븐틴 아카타 /디노  판매합니다,5000.0,1주 전,전국,판매 중
세븐틴 캐럿랜드 메모리북(2018~2020),12000.0,1주 전,전국,판매 중
세븐틴 생일박스1-민규(미개봉),40000.0,2주 전,전국,판매 중
[신상]세븐틴 비공굿 엽서(도겸),1000.0,6일 전,전국,판매 중
세븐틴 디아이콘 단체버전,50000.0,3주 전,전국,판매 중
세븐틴 세미콜론 단체버전,1717.0,3주 전,전국,판매 중
세븐틴 소셜클럽 포토북,7000.0,3주 전,전국,판매 중
세븐틴 더샘 민규 포스터,5000.0,6일 전,전국,판매 중
세븐틴 공포 스쿱마켓,5000.0,3주 전,부산광역시 북구 구포제3동,판매 중
세븐틴 굿즈,15000.0,3주 전,부산광역시 북구 화명제3동,판매 중
세븐틴 랜박!,20000.0,3주 전,전국,판매 중
세븐틴 하이브 인사이트 포스터 미개봉 원가 이하 양도,28000.0,1주 전,전국,판매 중
세븐틴 소셜클럽 알피네 풀셋 포토북 리스팅카드,10000.0,1주 전,전국,판매 중
세븐틴 호시 포토북,10000.0,3주 전,인천광역시 남동구 구월1동,판매 중
세븐틴 fml 양도 교환,1000.0,3주 전,전국,판매 중
세븐틴 2023 시즌그리팅 양도,25000.0,3주 전,충청남도 천안시 서북구 부성2동,판매 중
세븐틴 조슈아 엽서 세컷 2022시그 세미콜론,5000.0,2주 전,전국,판매 중
세븐틴 준 A1포스터 60x84cm,14000.0,1주 전,전라남도 순천시 장천동,판매 중
세븐틴 정한 A1포스터 60x84cm,14000.0,1주 전,전라남도 순천시 장천동,판매 중
"스키즈 디아이콘 미니 (포카제외) 포토북,바인더",7000.0,4달 전,전국,판매 중
네시픽 팝업스토어 현진 등신대,20000.0,7달 전,전국,판매 중
현진 신메뉴 코스터,130000.0,7달 전,전국,판매 중
승민 액자,25000.0,9달 전,서울특별시 중랑구 신내1동,판매 중
엔시티 브로마이드,2000.0,10달 전,전국,판매 중
미개봉 풀박 키트 스트레이키즈 스키즈 스테이 3기 포카 앨범,30000.0,15시간 전,광주광역시 광산구 첨단1동,판매 중
스트레이키즈 스테이 3기 풀세트 양도,25000.0,4일 전,전국,판매 중
스트레이키즈 노이지 예판특전 포토북 4세트 일괄 현진,1500.0,4일 전,전국,판매 중
스트레이키즈 공식 3기 키트,18000.0,5일 전,전국,판매 중
스트레이키즈 3기 키트 팝니다,15000.0,5일 전,전국,판매 중
스트레이키즈 우표,3000.0,1주 전,전국,판매 중
스트레이키즈 스키즈 퍼스트룩 잡지 화보집 일괄,11000.0,5일 전,경기도 화성시 향남읍,판매 중
스트레이키즈 스키즈 필릭스 뷰티쁠 화보 포카 양도,12000.0,1주 전,부산광역시 부산진구 전포제2동,판매 중
스트레이키즈 시즌그리팅,7000.0,2주 전,경상북도 영주시 하망동,판매 중
스트레이키즈 2023년 시그 미개봉 새제품 양도해요,35000.0,1주 전,전국,판매 중
스트레이키즈 2022년 시그 미개봉 새제품 양도해요,25000.0,1주 전,전국,판매 중
스트레이 키즈 시즌그리팅 캘린더,5000.0,2주 전,대전광역시 중구 중촌동,판매 중
(풀구성)스트레이키즈 시즌그리팅2023 /Straykids,20000.0,2주 전,전국,판매 중
스트레이키즈 디페스타 현진,6000.0,2주 전,전국,판매 중
스트레이키즈 현진 필릭스 아레나 화보 양도,10000.0,2주 전,경기도 부천시 소사본동,판매 중
스트레이키즈 디페스타 디아이콘 한 포카 일괄 양도해요,6000.0,1주 전,전국,판매 중
스키즈 스테이3기 키드,6000.0,2주 전,경상북도 영주시 하망동,판매 중
스키즈 스트레이키즈 제주전시회 개봉 포토북 양도 판매,60000.0,2주 전,전국,판매 중
스트레이키즈 시즌그리팅,38000.0,3주 전,전국,판매 중
스트레이키즈 스키즈 공식키트 양도,35000.0,3주 전,전국,판매 중
스키즈 스트레이키즈 팬클럽 3기 키트 양도해요! 풀구성,27000.0,1주 전,전국,판매 중
스트레이키즈 필릭스 뷰티쁠 화보 양도,14000.0,3주 전,대구광역시 달성군 다사읍,판매 중
스트레이키즈 팬클럽 스테이3기 키트 풀세트 양도 풀구성,25000.0,2주 전,서울특별시 양천구 신정1동,판매 중
스키즈 현진 도무송,1000.0,1달 전,전국,판매 중
스트레이키즈 스키즈 스테이3기 키트,16000.0,1달 전,전국,판매 중
스트레이키즈 미니포스터 전멤버 양도,3000.0,4주 전,전국,판매 중
스키즈 굿즈,60000.0,1달 전,전국,판매 중
스키즈 방찬 공굿 비공굿 처분 랜박,10000.0,3주 전,전국,판매 중
스트레이키즈 스키즈 아이엔 생일카페 특전 연력달력,3000.0,2달 전,전국,판매 중
스트레이키즈 한지성 쉬폰 포스터,19000.0,2달 전,전국,판매 중
스키즈 무나,1000.0,1달 전,전국,판매 중
스트레이키즈 제주 포토북 미개봉,43000.0,1달 전,대전광역시 유성구 노은1동,판매 중
스트레이키즈 제주 화보집 - 개봉,5000.0,2달 전,전국,판매 중
미개봉) 스트레이키즈 스키즈 제주 전시회 포토북 양도,57800.0,2달 전,전국,판매 중
운포)스트레이키즈 스마트 일본잡지 미개봉 스키즈,20000.0,1달 전,전국,판매 중
스트레이키즈 스키즈 정규 3집 분철 파이브스타 리노 서창빈,17800.0,3주 전,전국,판매 중
스키즈엑스 필릭스 아이디카드+폴더+종이포스터 3종,8000.0,2달 전,서울특별시 은평구 대조동,판매 중
스트레이키즈 nacific,60000.0,1달 전,서울특별시 용산구 남영동,판매 중
스트레이키즈 필릭스 도무송 판매합니다,2800.0,2달 전,전국,판매 중
스트레이키즈 스키즈 스테이3기 키트 포카 포함 모든 구성 양도,30000.0,4주 전,전국,판매 중
스트레이키즈 스키즈 필릭스 생카 굿즈 나눔,1004.0,1달 전,전국,판매 중
스트레이키즈 한지성 한 핸드크림,5000.0,2달 전,인천광역시 남구 용현3동,판매 중
승민 스키즈 더사운드 앨범 소니뮤직샵 특전 클리어 포스터 미개봉,3000.0,2달 전,경기도 성남시 분당구 구미동,판매 중
필릭스 용복 스키즈 더사운드 앨범 소니뮤직샵 특전 클리어 포스터 미개봉,3000.0,2달 전,경기도 성남시 분당구 구미동,판매 중
Stray Kids PHOTO BOOK - Stay in STAY 미개봉,45000.0,2달 전,서울특별시 노원구 월계1동,판매 중
스트레이키즈 시그 2021(개봉),10000.0,2달 전,전국,판매 중
스트레이키즈 공굿(일괄),7000.0,2달 전,전국,판매 중
뷰티쁠 필릭스 스트레이키즈 잡지,6000.0,1달 전,경기도 용인시 처인구 동부동,판매 중
스트레이키즈 전시회 화보집 미개봉 원가양도,43000.0,2달 전,부산광역시 북구 만덕제1동,판매 중
스트레이키즈 스키즈 필릭스 잡지 쥬얼 케이스143,10000.0,2달 전,경기도 김포시 김포본동,판매 중
스트레이키즈 2023 시즌그리팅 창빈 짭폴 양도,45000.0,2달 전,전국,판매 중
스트레이키즈 한 쉬폰포스터 양도(가격내림),15000.0,2달 전,전국,판매 중
스트레이키즈 마하그리드 분철,4000.0,3달 전,전국,판매 중
스키즈 2023 시그 풀셋,25000.0,2달 전,인천광역시 계양구 계산2동,판매 중
skz-x 스키즈 스트레이키즈 현진 증명사진 증사,9000.0,2달 전,전국,판매 중
스트레이키즈 코스모폴리탄 엽서,4000.0,3달 전,서울특별시 강남구 대치1동,판매 중
스키즈 디아이콘 디페스타 미니 에디션 12장 - 현진,18000.0,2달 전,전국,판매 중
스키즈 도무송,1000.0,3달 전,전국,판매 중
코스모폴리탄 스키즈 현진 필릭스 엽서 일괄,4000.0,2달 전,전국,판매 중
아이엔 양정인 스키즈 더사운드 앨범 소니뮤직샵 특전 클리어 포스터 미개봉,3000.0,2달 전,경기도 성남시 분당구 구미동,판매 중
스키즈 스트레이키즈 비공굿 랜덤 무나 무료나눔,1800.0,3달 전,전국,판매 중
스트레이키즈 스테이 2기 키트 투명필름 양도합니다 !,1000.0,2달 전,전국,판매 중
스트레이키즈 크이블 미공포 알라딘,8000.0,1달 전,전국,판매 중
스트레이키즈 스키즈 승민 피오케님 시그 시즌그리팅,16000.0,1달 전,전국,판매 중
스키즈 제주 스테이 포토북 개봉상품,5000.0,3달 전,전라북도 군산시 임피면,판매 중
노블레스맨 2023 1월 잡지 스트레이키즈 현진 필릭스,7000.0,1달 전,전국,판매 중
스트레이키즈 2022 시즌그리팅,35000.0,3달 전,인천광역시 동구 송현1.2동,판매 중
스키즈 마하그리드 4차 포카 분철,5000.0,3달 전,전국,판매 중
스트레이키즈 리노 필릭스 하이스테이 팬미팅 미니포스터,15000.0,2달 전,전국,판매 중
스트레이키즈 승민 오디너리 예스24 특전 미니포스터 미개봉,17000.0,2달 전,전국,판매 중
"<급처> 스키즈 뮤플현진,뮤플승민 일괄양도",40000.0,1달 전,전국,판매 중
스키즈 팬클럽 키트 양도,29000.0,3달 전,전국,판매 중
스트레이키즈 스테이 3기 웰컴키트 풀구성,40000.0,1달 전,대구광역시 북구 대현동,판매 중
스테이3기키트 새상품,31000.0,1달 전,전국,판매 중
필릭스 2022 시그,20000.0,2달 전,전국,판매 중
네시픽 리노 방찬,6000.0,1달 전,전국,판매 중
스테이 3기 키트 양도,20000.0,2달 전,전국,판매 중
스테이 3기 키트 양도,30000.0,2달 전,전국,판매 중
스테이 3기 키트 풀구성(회원카드 제외),30000.0,3달 전,전국,판매 중
스테이 3기 키트 (풀구성),25000.0,1달 전,대구광역시 수성구 고산3동,판매 중
스테이 3기 공식키트,25000.0,1달 전,전국,판매 중
스테이 3기 키트,25000.0,2달 전,전국,판매 중
"노블맨, 코스모폴리탄 현진 필릭스",3000.0,2달 전,전국,판매 중
"현진,필릭스 컵홀더+현진 마스킹테이프 일괄 양도",6000.0,2달 전,전국,판매 중
디아이콘 현진 (개봉),10000.0,2달 전,전국,판매 중
스테이 2기 웰컴키트,35000.0,2달 전,전국,판매 중
단체 사녹 엽서,45000.0,2달 전,전국,판매 중
코스모폴리탄B형+특전 엽서 + 뷰티쁠 3ver,25000.0,2달 전,전국,판매 중
[황현진]맥시던트 엽서 판매,2000.0,2달 전,울산광역시 울주군 언양읍,판매 중
스테이 3기 키트 양도,35000.0,3달 전,전국,판매 중
스테이 3기 키트 풀구성,30000.0,2달 전,전국,판매 중
스테이 3기 키트 미개봉 풀세트 양도,30000.0,2달 전,전국,판매 중
맥시던트 특전 아이엔,1000.0,2달 전,전국,판매 중
아이엔 2023시즌그리팅 폴라로이드,6000.0,2달 전,충청남도 서천군 서천읍,판매 중
"맥시던트 러브레터 아이엔,필릯, 현진/  미니포스터 리노",1000.0,4달 전,전국,판매 중
현진 액자,10000.0,4달 전,전국,판매 중
STAY 스테이 3기 키트 풀세트,45000.0,4달 전,전국,판매 중
뉴진스 메가스터디,5800.0,2주 전,전국,판매 중
뉴진스 하니 도무송,1000.0,2달 전,전국,판매 중
"뉴진스 어텐션, 디토 포카 팝니다 민지 해린 다니엘",2000.0,1주 전,전국,판매 중
뉴진스 포스터 양도,35000.0,2달 전,전국,판매 중
뉴진스 혜인 포카 팝니다,12000.0,2달 전,전국,판매 중
뉴진스 팝업 미니포스터 양도,1000.0,2주 전,전국,판매 중
뉴진스 포스터,10000.0,2달 전,전국,판매 중
뉴진스 사진/스티커 팝니다,13000.0,3주 전,전국,판매 중
뉴진스 메세지카드 분철 급처!,1500.0,2달 전,전국,판매 중
뉴진스 2024-2025년 양면 포토 탁상달력,10000.0,1달 전,서울특별시 중구 명동,판매 중
뉴진스 해린 도무송 팔아요,1000.0,1달 전,전국,판매 중
뉴진스 하니 도무송 판아요,1000.0,1달 전,전국,판매 중
판매) 뉴진스 시그 해린 셀포 일괄 교환 르세라핌,13000.0,3달 전,전국,판매 중
뉴진스 악코디언북,20000.0,4달 전,전국,판매 중
스테이씨 앨범 구성품 교환,1000.0,7일 전,전국,판매 중
뉴진스 시즌그리팅,45000.0,1달 전,전국,판매 중
뉴진스 시그 일부 구성품 제외 판매합니다 (포카O),25000.0,2주 전,전국,판매 중
메가 스터디 뉴진스 아코디언 북,4000.0,4주 전,전국,판매 중
블랙핑크 오레오스티커,15000.0,1달 전,전국,판매 중
(택포)블랙핑크 오레오 2등 상품,23000.0,1달 전,전국,판매 중
블랙핑크 로제 포토북 신품 미개봉,55000.0,1달 전,인천광역시 서구 청라1동,판매 중
아이브 화보 포스터 2023 IVE,15900.0,1달 전,경기도 안산시 상록구 일동,판매 중
아이브 러브다이브 원영 양도합니다,13000.0,1주 전,서울특별시 노원구 공릉1동,판매 중
아이브 시그 양도,1000.0,2주 전,전국,판매 중
아이브 랜박 팔아욤(3.4배),10000.0,1주 전,전국,판매 중
일레븐 아이브 레이 가을 양도 합니다,1000.0,1주 전,서울특별시 노원구 공릉1동,판매 중
아이브 엽서 팔아요,3000.0,2주 전,전라북도 김제시 요촌동,판매 중
아이브프리쿠라,2000.0,2주 전,전국,판매 중
아이브 이서 앺라 쥬얼 접지,2800.0,1주 전,전국,판매 중
"아이브 씨디 판매(애프터라이크,아이엠)",1000.0,1주 전,서울특별시 용산구 효창동,판매 중
아이브 애프터라이크 개봉앨범,1000.0,1주 전,전국,판매 중
아이브 비트로드 분철,20000.0,2주 전,전국,판매 중
아이브 포카 양도합니다,1004.0,6일 전,전국,판매 중
아이브 도무송 비공굿 판매,1000.0,3주 전,대구광역시 달서구 감삼동,판매 중
아이브 웨이브 포카 분철,1000.0,3주 전,전국,판매 중
아이브 원영 뮤직뱅크 뮤뱅 인화사진,120000.0,2주 전,전국,판매 중
아이브 공굿없는 랜박,1500.0,2주 전,전국,판매 중
아이브 스크랩봉투 만들어 드립니다!,15000.0,2주 전,전국,판매 중
아이브 포카 판매 유진가을레이원영리즈이서,12356.0,1주 전,전국,판매 중
아이브 원영 비공굿 포카 판매,1000.0,3주 전,대구광역시 달서구 감삼동,판매 중
아이브 레이 파파존스 피자 포카,6000.0,2주 전,전라북도 전주시 덕진구 인후1동,판매 중
아이브 포카 팔아요,1004.0,3주 전,전국,판매 중
"아이브 시그 달력, 포스터",12000.0,3주 전,전국,판매 중
아이브 포카,10333.0,4주 전,울산광역시 남구 신정3동,판매 중
아이브 비공굿 리뷰이벤트,2000.0,3주 전,전국,판매 중
"아이브 포토카드,포스터 세트 판매합니다!",20000.0,2주 전,전국,판매 중
아이브 원영 레이 리즈 이서 양도!,1234.0,1달 전,전국,판매 중
에스파 2022시그 달력+다이어리,3000.0,1달 전,전국,판매 중
에스파 2022 시즌그리팅 포토팩 미개봉,11000.0,4달 전,서울특별시 성동구 성수1가제2동,판매 중
택포))에스파 세비지 포스터,7000.0,4달 전,전국,판매 중
에스파 탐스제로,7000.0,4달 전,전국,판매 중
2022 에스파 시그 포카,5000.0,4달 전,경기도 남양주시 오남읍,판매 중
2023 에스파 시즌그리팅(슴스 특전포함) 단순개봉 팝니다.,35000.0,1달 전,강원도 원주시 단구동,판매 중
에스파 개봉앨범 판매해요,10000.0,1달 전,전국,판매 중
에스파 닝닝포키 시세이하 양도,1000.0,1달 전,전국,판매 중
에스파 윈터 마이싱크 ar티켓 개봉,11000.0,1달 전,전국,판매 중
헬퓨 포토북 제노,4000.0,1주 전,전국,판매 중
앤시티 2023 시그 천러 양도,3500.0,1주 전,전국,판매 중
멜리플루어스님 런쥔 액자,35000.0,3주 전,전국,판매 중
엔시티 비공굿 랜박,12700.0,1주 전,부산광역시 연제구 연산제4동,판매 중
캔디 매거진 뜯포 양도 (가격은 하단 참고),1000.0,1주 전,전국,판매 중
엔시티 마크 폴로 잡지,19000.0,1주 전,전국,판매 중
엔시티 개봉앨범 판매,1000.0,1주 전,부산광역시 금정구 부곡제2동,판매 중
엔시티 nct 디아이콘 포카 풀셋 풀박,25000.0,2주 전,전국,판매 중
정우 전시회 고블렛 잔 엠디 양도받아요,4000.0,2달 전,전국,판매 중
천러 엽서 양도,15000.0,2달 전,전국,판매 중
엔시티 시즌그리팅 다이어리,5000.0,3달 전,경상남도 창원시 성산구 사파동,판매 중
엔시티 포스터 엔시티 엽서 엔시티스티커,7000.0,3달 전,전국,판매 중
천러 공식MD,4000.0,3달 전,전국,판매 중
핫썸머 드림 비욘드 제노 필름 세트 미개봉,4000.0,6달 전,경기도 화성시 봉담읍,판매 중
NCT 엘범,30000.0,10달 전,전국,판매 중
엔시티 nct 2019 시즌그리팅 분철 포스터 사진,4000.0,8달 전,전국,판매 중
엔시티 굿즈 처분,70000.0,7달 전,전국,판매 중
런쥔 플립북 양도 받아요,8000.0,9달 전,전국,판매 중
드림 포토북 본품,10000.0,8달 전,전국,판매 중
제노 포스트카드 북,5000.0,8달 전,전국,판매 중
SMCU 엔시티드림 멤버쉽버전 접지 포스터 교환해요,1800.0,3달 전,광주광역시 북구 운암3동,판매 중
엔시티드림 2023 시그 재민 풀 양도,4000.0,4달 전,전국,판매 중
엔시티 드림 127 굿즈 처분 판매 앨범 도무송 프리쿠라 포카 비공굿,10000.0,3일 전,전국,판매 중
엔시티 드림 에이스,15000.0,2주 전,전국,판매 중
제노 엔시티드림 시그 시즌그리팅 분철 제노,5000.0,4달 전,전국,판매 중
엔시티 드림 에이스,20000.0,3주 전,전국,판매 중
엔시티 드림 지성 이어북,8000.0,3주 전,전국,판매 중
엔시티 드림 캔디 매거진 잡지만 양도,13000.0,1주 전,경기도 구리시 교문2동,판매 중
엔시티 드림 비공굿 처분 나눔,10000.0,3주 전,전국,판매 중
엔시티 드림 시그 팔아용,29000.0,1달 전,전국,판매 중
엔시티 드림 비공굿 랜박,5000.0,1달 전,전국,판매 중
2023 엔시티 드림 시즌그린팅 풀박 양도,10000.0,2주 전,전국,판매 중
무나)엔시티드림 천러 시그,2000.0,2주 전,서울특별시 관악구 신사동,판매 중
엔시티 드림 재민 화보 잡지,20000.0,1달 전,전국,판매 중
엔시티 드림 포토세트 일괄 (we young),10000.0,2주 전,서울특별시 송파구 문정1동,판매 중
캔디 요드림 매거진 뜯포 분철 엔시티 드림 해찬,3000.0,1달 전,전국,판매 중
엔시티 드림 캔디 매거진,16000.0,1달 전,대구광역시 달서구 상인2동,판매 중
엔시티 드림 마지막 첫사랑 마첫 인화사진 엽서 세트 46,30000.0,1달 전,제주특별자치도 제주시 봉개동,판매 중
엔시티 드림 시즌그리팅 사진 모든멤버 양도해요!,15000.0,3주 전,전국,판매 중
nct dream 엔시티 드림 시그 시즌그리팅 2023 분철 천러 마크,1000.0,2주 전,전국,판매 중
엔시티 드림 재민 캔디 디지팩 개봉 앨범,6500.0,1달 전,전국,판매 중
2023 엔시티 드림 시즌그리팅,18000.0,1달 전,대전광역시 서구 둔산2동,판매 중
엔시티 드림 런쥔 도무송 비공굿 스티커 ㅅㅊㅇ) 나눔,1000.0,1달 전,전국,판매 중
엔시티 드림 해찬 캔디 매거진 양도,30000.0,2달 전,전국,판매 중
엔시티 드림 캔디 앨범 나눔 (글 확인),3500.0,1주 전,전국,판매 중
nct dream 127 엔시티 드림 해찬 캔디 매거진 3.5에 양도해요,35000.0,2주 전,부산광역시 금정구 구서제2동,판매 중
엔시티 드림 캔디 매거진 분철,2000.0,2달 전,전국,판매 중
엔시티 드림 2021 시그 풀박스,20000.0,2달 전,충청남도 아산시 온양3동,판매 중
엔시티드림 2023 시즌그리팅 분철 슴스토어,5000.0,6달 전,전국,판매 중
엔시티 드림 포스터 캔디,6000.0,2달 전,전국,판매 중
엔시티 드림 데이드림 엠디 재민 페브릭 포스터,20000.0,1달 전,대구광역시 달서구 신당동,판매 중
Smcu NCT 127 ver 포스터 엽서 교환 구합니다 (재현구해요),1004.0,2달 전,전국,판매 중
nct 127 전시회 정우 월캘린더 원가 이하 양도,10000.0,3달 전,전국,판매 중
엔시티 127 에이요 포토북 양도,127127.0,3달 전,전국,판매 중
엔시티127 에이요 해찬 접지엽서스커세트,8300.0,1달 전,전국,판매 중
마크 시그,1200.0,1달 전,전국,판매 중
에이요 a버전 도영 포스터 양도,2000.0,1달 전,전국,판매 중
엔시티 개봉앨범 판매합니다,5000.0,3달 전,경기도 부천시 상2동,판매 중
NCT 에이요 스미니 해찬 커버,4000.0,1달 전,전국,판매 중
엔시티 커미션 스크랩 무나 ㅅㅊㅇ,1000.0,1달 전,전국,판매 중
엔시티드림 지성 액자,5000.0,2달 전,전국,판매 중
방탄소년단 랜박,1000.0,3일 전,서울특별시 서초구 서초3동,판매 중
방탄소년단 굿즈,1000.0,3일 전,경기도 수원시 장안구 조원2동,판매 중
(가격내림)뷔 태형 보그 vogue 양도 방탄소년단 방탄 BTS,8000.0,7일 전,전국,판매 중
윙즈컨셉북 풀박+특전 새거/ 읭콘북 RM /BTS,75000.0,3일 전,경기도 고양시 일산동구 풍산동,판매 중
방탄소년단 BTS WE 포토북 세트 석진 포카 포함 풀셋,35000.0,7일 전,전국,판매 중
BTS 방탄소년단 매직샵 Magic Shop 플래그 지민&태형,30000.0,7일 전,인천광역시 남동구 간석3동,판매 중
BTS 방탄 달마중 플립포토 프포 윤기 슈가 일괄,28000.0,3일 전,전국,판매 중
BTS 방탄소년단손수건,10000.0,1주 전,서울특별시 중구 장충동,판매 중
BTS 방탄소년단 일본 the  best 더베스트 포스트카드 세트,10000.0,7일 전,전국,판매 중
방탄소년단 BTS 윙즈투어 인 서울 양도해요,50000.0,7일 전,전국,판매 중
BTS 방탄 달마중 미니폴딩포토 원가양도,15000.0,3일 전,전국,판매 중
방탄소년단 Bts 디아이콘 그룹,60000.0,1주 전,서울특별시 동작구 대방동,판매 중
방탄소년단 석진 머3터 아미부스 bts 진 김석진 jin 머스터 3기,22000.0,4일 전,전국,판매 중
방탄소년단 2019 시즌그리팅,55000.0,3일 전,전국,판매 중
방탄소년단 굿즈 일괄,5000.0,3일 전,전국,판매 중
방탄소년단 마스킹테이프,3000.0,3일 전,전국,판매 중
(가격내림) 방탄소년단 BTS 슈가 패브릭 포스터 양도,12000.0,1주 전,경기도 부천시 중3동,판매 중
BTS 방탄소년단  디아이콘 화보집 V 버전 (미개봉),70000.0,1주 전,서울특별시 동작구 대방동,판매 중
방탄소년단 BTS 뷔 온콘 프포(미개봉),10000.0,1주 전,서울특별시 동작구 대방동,판매 중
방탄소년단 BTS 버터 특전 포스터 틴케이스 포토카드,3000.0,1주 전,서울특별시 동작구 대방동,판매 중
bts 방탄 정국 액자,30000.0,4일 전,서울특별시 성북구 월곡제1동,판매 중
GQ KOREA BTS  지큐코리아 방탄소년단,5000.0,1주 전,서울특별시 강남구 개포1동,판매 중
[배송비포함!!] 방탄소년단(BTS) 2020 시즌그리팅,30000.0,1주 전,전국,판매 중
BTS 방탄소년단 방탄 2019 썸머패키지 풀박,30000.0,1주 전,전국,판매 중
윙즈 프로그램북 방탄소년단 bts,5000.0,1주 전,전국,판매 중
방탄소년단) 방방콘 뷔 포토 프롭,11000.0,3일 전,전국,판매 중
방탄소년단 BTS 방방콘 정국 프포,8000.0,1주 전,전국,판매 중
방탄소년단 오늘 전시회 인화사진 전멤버,25000.0,3일 전,전국,판매 중
bts 방탄 정국 액자,50000.0,4일 전,서울특별시 성북구 월곡제1동,판매 중
방탄소년단 방방콘 포카/보이스키링,45000.0,3일 전,전국,판매 중
BTS 윙파콘 태형 프포,27000.0,4일 전,서울특별시 종로구 종로1.2.3.4가동,판매 중
방탄소년단 bts 아스타 2016 12월호,8000.0,1주 전,울산광역시 중구 다운동,판매 중
방탄소년단 프리미엄포토 프포 정국,10000.0,3일 전,전국,판매 중
일괄]방탄소년단 프리미엄 포토 양도,60000.0,3일 전,서울특별시 관악구 은천동,판매 중
방탄소년단 postcard book 포스트카드북,20000.0,3일 전,경상남도 창원시 진해구 웅동2동,판매 중
[미개봉] 방탄소년단 일본 매직샵 포스터 양도,20000.0,3일 전,대전광역시 유성구 온천2동,판매 중
BTS merch box #3,40000.0,4일 전,전국,판매 중
BTS 2021 시즌그리팅 판매,35000.0,4일 전,전국,판매 중
BTS 2020 시즌그리팅 판매,35000.0,4일 전,전국,판매 중
지민 bts 방탄소년단 슬로건 반슬 반사슬로건,20000.0,1주 전,전국,판매 중
방탄 아미키트 bts,7000.0,2일 전,전국,판매 중
방탄소년단 bts 17년 시그 시즌그리팅 태형 포카,50000.0,1주 전,전국,판매 중
BTS 부산콘 굿즈,8000.0,4일 전,전국,판매 중
bts 방탄소년단 나우3,25000.0,2주 전,강원도 원주시 우산동,판매 중
방탄소년단 제이홉 프리미엄포토 프포,21800.0,3일 전,경상북도 경산시 동부동,판매 중
"방탄소년단 BTS BE 페브릭포스터 정국, 뷔",8000.0,1주 전,경기도 고양시 덕양구 성사1동,판매 중
bts 방탄소년단 22 시즌그리팅,30000.0,2주 전,강원도 원주시 우산동,판매 중
"방탄소년단 오,늘 전시회 포토북/MD 일괄판매",100000.0,3일 전,전국,판매 중
방탄소년단 bts 5기 공식 아미키트,14000.0,1주 전,경기도 안양시 동안구 범계동,판매 중
bts 방탄 뷔 태형 액자,30000.0,4일 전,서울특별시 성북구 월곡제1동,판매 중
bts 방탄 뷔 태형 액자,50000.0,4일 전,서울특별시 성북구 월곡제1동,판매 중
방탄소년단 BTS 2019 썸머패키지 드로잉북 윤기,35000.0,1주 전,경기도 시흥시 정왕1동,판매 중
방탄소년단 방탄 BTS 김석진 석진 프포 피켓 온콘 미개봉,20000.0,5일 전,전국,판매 중
방탄소년단 비월 bts world 마그넷 일괄,10000.0,1주 전,전국,판매 중
방탄소년단 bts 뷔 김태형 보그 잡지 화보,8500.0,1주 전,전국,판매 중
2017 방탄소년단 시즌그리팅 호석 포카 포함 풀세트,62000.0,3일 전,전국,판매 중
방탄소년단 포스터 럽셀콘 포스터 뷔 양도,5000.0,3일 전,서울특별시 강서구 방화제3동,판매 중
방탄 정국 vr 엽서 bts,1000.0,4일 전,전국,판매 중
BTS JP 2023 연하장,5000.0,2일 전,인천광역시 서구 가정2동,판매 중
방탄소년단 5기 아미키트 택포15000,15000.0,3일 전,전국,판매 중
2018 디아이콘 방탄소년단 bts 방탄 잡지,5000.0,1주 전,인천광역시 서구 검단5동,판매 중
bts 칠성사이다 브로마이드 포스터,10000.0,4일 전,서울특별시 양천구 신월2동,판매 중
방탄소년단 BTS 빅마스킹테이프 일괄,10000.0,1주 전,전국,판매 중
BTS 방탄소년단 오늘 도록,15000.0,2주 전,경기도 수원시 팔달구 화서1동,판매 중
(BTS) 2021 WINTER FACKAGE 방탄소년단 윈터패키지 윈패,25000.0,1주 전,경기도 수원시 영통구 영통2동,판매 중
방탄소년단 디아이콘 잡지 양도 BTS Dicon with poca,21000.0,1주 전,서울특별시 성북구 동선동,판매 중
bts 아미키트 6기,24000.0,2일 전,전국,판매 중
방탄소년단 맵오브더소울 앨범 포스터 4종,10000.0,3일 전,서울특별시 강북구 수유제2동,판매 중
방탄소년단 썸패 2019 BTS Summer Package,30000.0,1주 전,전국,판매 중
BTS 방탄소년단 Map of the soul 온라인콘서트포토북,5000.0,1주 전,서울특별시 동대문구 청량리동,판매 중
방탄소년단 프포 스픽콘 방방콘 맵솔콘 머스터 포스터,9000.0,3일 전,경기도 용인시 기흥구 마북동,판매 중
BTS 방탄소년단 단체 투어 우치와 투어콘 부채,7000.0,1주 전,경기도 성남시 수정구 산성동,판매 중
BTS 머치박스4+머치박스8 부분 일괄,20000.0,4일 전,전국,판매 중
방탄소년단 윙즈 포토북 bts wings tour photobook,20000.0,1주 전,전국,판매 중
방탄소년단 맵솔콘 이미지피켓 부채 단체 미개봉,6000.0,3일 전,전국,판매 중
방탄소년단 bts 방방콘 단체 플래그 (공식),9900.0,1주 전,전국,판매 중
방탄소년단 아미키트 방탄아미키트 방탄5기 방탄뷔 방탄RM 방탄굿즈,3000.0,3일 전,전국,판매 중
BTS 방탄소년단 아미 굿즈 머치팩 머치박스1 패브릭 포스터,20000.0,1주 전,전국,판매 중
방탄소년단 맵솔온콘 초회한정 BTS concept photobook,20000.0,5일 전,서울특별시 강남구 압구정동,판매 중
방탄소년단 화양연화 파트2 개봉앨범 포카 미포함,4800.0,3일 전,경상남도 통영시 광도면,판매 중
BTS 방탄소년단 오늘 전시회 인화사진 시즌1,6000.0,1주 전,경기도 성남시 분당구 분당동,판매 중
방탄소년단 BTS 포스터,8000.0,6일 전,경기도 안양시 만안구 안양6동,판매 중
방방콘 특전 엽서 방탄소년단 BTS speak your self,75000.0,1주 전,서울특별시 서초구 서초1동,판매 중
[택포] 방탄소년단(BTS) WE 포토북& 포카(태형) &하이브 가방,35000.0,1주 전,전국,판매 중
[배송비포함!!] 방탄소년단(BTS) 2021 시즌그리팅 (랜덤포토 진),30000.0,1주 전,전국,판매 중
방탄소년단 BTS 제이홉 액자,50000.0,2주 전,전국,판매 중
방탄소년단 BTS 시부야 정국 엽서,8000.0,2주 전,전국,판매 중
BTS 방탄소년단 일본 프포 프리미엄포토 일괄,100000.0,1주 전,경기도 성남시 수정구 산성동,판매 중
방탄소년단 BTS 슈가 쿄세라돔 프포 프리미엄포토 ,70000.0,1주 전,전국,판매 중
방탄소년단(BTS)디아이콘 해외리미티드 2021 goes on 풀세트,40000.0,1주 전,전국,판매 중
bts 2nd muster slogan,29000.0,4일 전,인천광역시 계양구 계양3동,판매 중
BTS 방탄소년단 제이홉 아크릴스탠드 프리미엄포토 일괄 세트,20000.0,1주 전,전국,판매 중
(반택포)방탄소년단 아미키트 6기 판매합니다,15000.0,3일 전,경기도 파주시 조리읍,판매 중
방탄소년단 페르소나 특전 초회한정 클리어 포토피켓,3000.0,3일 전,전국,판매 중
방탄소년단 2020윈터패키지 인 헬싱키 진 위주 구성,43000.0,3일 전,전국,판매 중
방탄소년단 BTS 정국 사진 캔버스,15000.0,2주 전,전국,판매 중
방탄소년단 BTS 화양연화 화온스 포토카드 판매 일관판매 굿즈 처분,13000.0,1주 전,전국,판매 중
BTS 디페스타 L홀더+엽서세트,10000.0,4일 전,전국,판매 중
BTS 슈가 민윤기 윙파콘 윙즈 프포 양도,14000.0,4일 전,전국,판매 중
방탄소년단 bts 지민 jimin 프로필포토,7000.0,1주 전,부산광역시 남구 문현제3동,판매 중
그라치아 2016년 호 방탄 bts 슈가,3000.0,4일 전,울산광역시 중구 다운동,판매 중
방탄소년단BTS 정국 JK 후드메이킹포카양도,30000.0,1주 전,경기도 화성시 향남읍,판매 중
방탄소년단BTS 뷔 태형 가방메이킹포카양도,30000.0,1주 전,경기도 화성시 향남읍,판매 중
방탄소년단 방탄 5기 팬키트 풀셋 판매해요,20000.0,3일 전,전국,판매 중
방탄소년단 2018 벽걸이달력미개봉,5500.0,2일 전,전국,판매 중
방탄소년단BTS 앨범굿즈 특전일괄,3000.0,2주 전,경기도 화성시 향남읍,판매 중
방탄소년단 bts 뷔 태형 포토북 be superb vnt님,25000.0,1주 전,전국,판매 중
방탄소년단 BTS 방방콘 프포 프리미엄포토,5000.0,1주 전,전국,판매 중
BTS (방탄소년단) 브링 더 소울 : 더 무비 엽서 (배미포),1500.0,1주 전,서울특별시 동작구 대방동,판매 중
방탄소년단 (BTS) 비공식 굿즈 랜박,10000.0,2주 전,전국,판매 중
방탄소년단 디아이콘 포토북 양도 BTS Dicon photobook,7000.0,2주 전,경기도 성남시 분당구 구미1동,판매 중
BTS 슈가 민윤기 럽셀콘 피켓,6000.0,4일 전,전국,판매 중
bts 디아이콘 윤기 양도합니다 디페스타,25000.0,2일 전,전국,판매 중
방탄소년단 포토북 bts photo book,20000.0,2주 전,전국,판매 중
방탄 3기머스터 컬러링북 bts 머삼터 방탄소년단,4000.0,1주 전,전국,판매 중
지민 방탄 피켓 판매 스피콘 멥솔 BTS,8000.0,4일 전,대구광역시 북구 읍내동,판매 중
방탄 bts 오늘북 풀셋 엽서북 엽서,5000.0,4일 전,전국,판매 중
방탄 BTS 포스터 오늘 전시회 페르소나 럽셀,1000.0,4일 전,전국,판매 중
BTS 단체 포토북+캘린더+초회한정아웃박스,44000.0,4일 전,전국,판매 중
2020년 아미키트 방탄소년단 bts 지민 정국 뷔 슈가 공식,5000.0,1주 전,전국,판매 중
방탄소년단 BTS 윙즈 윙스 컨셉북 WINGS CONCEPT BOOK,40000.0,1주 전,전국,판매 중
구해요] 방탄 bts 방탄소년단 아미피디아 퍼즐 풀셋,150000.0,1주 전,전국,판매 중
BTS 방탄소년단 굿즈 양도 판매,3000.0,3주 전,서울특별시 구로구 수궁동,판매 중
방탄소년단 BTS 럽셀콘 프로그램 북,7000.0,2주 전,서울특별시 서대문구 북가좌제2동,판매 중
"방탄소년단 BTS 오, 늘 전시회 굿즈 지민위주",1111.0,2주 전,경기도 용인시 수지구 상현2동,판매 중
방탄소년단 bts 프루프 앨범 특전 포스터,11000.0,2주 전,전국,판매 중
BTS 방탄 디아이콘101 커스텀북 풀셋,30000.0,2일 전,경기도 화성시 봉담읍,판매 중
방탄소년단 맵솔포토북 포카 뷔 태형 bts photobook poca v,100000.0,1주 전,충청남도 천안시 서북구 백석동,판매 중
방탄소년단 BTS 슈가 suga 민윤기 이미지 피켓 프포,120000.0,2주 전,전국,판매 중
방탄소년단 비공식 슬로건,10000.0,4일 전,충청남도 아산시 온양2동,판매 중
BTS 방탄소년단 RM 남준 일본 럽셀콘 아크릴 키링 미개봉,9000.0,2주 전,서울특별시 서대문구 북아현동,판매 중
방탄소년단 BTS 일본 DNA 유니버셜 특전 인화사진 양도해요,106000.0,2주 전,부산광역시 해운대구 반여제3동,판매 중
방탄소년단 국민은행 포스터,2000.0,2일 전,인천광역시 부평구 부평4동,판매 중
방탄소년단 디아이콘 2021 브로마이드,18000.0,4일 전,경기도 고양시 덕양구 성사1동,판매 중
방탄bts 굿즈,20000.0,5일 전,전국,판매 중
방탄소년단 아미4기,60000.0,4일 전,전국,판매 중
방탄소년단 방탄 2018 오늘 전시회 인화 사진 제이홉 호석 jhope,15000.0,2일 전,전국,판매 중
방탄소년단 FILA 포스터 양도,4000.0,2일 전,전국,판매 중
방탄소년단 BTS 남준 RM 맵솔 MOS 앨범 포토카드 판매,5000.0,2주 전,서울특별시 서대문구 북아현동,판매 중
방탄소년단 디아이콘 (포카포함),20000.0,4일 전,전국,판매 중
방탄소년단 코웨이 포스터 미개봉,8000.0,4일 전,전국,판매 중
방탄소년단 방탄 bts 시즌그리팅 2020 20 진 석진,60000.0,6일 전,전국,판매 중
방탄소년단 2018 썸머패키지,35000.0,4일 전,전국,판매 중
방탄소년단 앨범 38장,60000.0,4일 전,경기도 수원시 영통구 원천동,판매 중
방탄소년단 오늘 전시회 북,22000.0,4일 전,전국,판매 중
[미개봉] BTS 윤기 슈가 프포 3개 (방방콘 맵솔콘 스픽콘),18000.0,4일 전,전국,판매 중
방탄소년단 윙즈 컨셉북,20000.0,2일 전,전국,판매 중
방탄소년단 2017 썸머패키지,29000.0,4일 전,전국,판매 중
방탄소년단 bts 포스터 일괄 + 비비큐 돗자리(bbq),30000.0,3주 전,대전광역시 서구 둔산1동,판매 중
빌보드 매거진 방탄소년단 bts 잡지,20000.0,4주 전,전국,판매 중
방탄소년단 싱글즈 스타원 하이컷잡지,5000.0,2일 전,서울특별시 양천구 목3동,판매 중
2021방탄소년단시즌그린팅분할양도,3000.0,2일 전,서울특별시 양천구 목3동,판매 중
방탄소년단 지민 아델리오 몽슈슈 전시회 굿즈,8000.0,2일 전,전국,판매 중
방탄소년단 머치박스. 아미키트 포카. 증사 양도,12000.0,2일 전,전국,판매 중
BTS 방탄소년단 팬시점 굿즈 일괄,3000.0,4주 전,충청북도 청주시 청원구 오창읍,판매 중
방탄소년단 bts 지민 액자,5000.0,1달 전,전국,판매 중
페르소나 포스터 버전 2 방탄소년단 공식 앨범,2000.0,4일 전,전국,판매 중
방탄소년단 방방콘 프리미엄 포토,5000.0,4일 전,전국,판매 중
방탄소년단 LY:tear 앨범 브로마이드 (개별),5000.0,2일 전,전국,판매 중
방탄소년단 방탄 시즌그리팅 2019 시그 19 지민,10000.0,4일 전,인천광역시 중구 송월동,판매 중
방탄소년단 매직샵 유플러스 엽서 일괄,5000.0,2일 전,전국,판매 중
일괄 지민 프포 방탄소년단 bts jimin 윙즈럽셀스픽방방콘맵솔퍼투댄,74000.0,1주 전,강원도 강릉시 교2동,판매 중
방탄소년단 슈가 윤기 피스트범프님 포토북 도록 BTS SUGA 민윤기,32000.0,2주 전,전국,판매 중
방탄소년단 방탄 아미키트 6기 석진,7000.0,2일 전,전국,판매 중
방탄소년단 방탄 럽셀 스픽콘 프리미엄 포토 프포 정국 jk,9000.0,2일 전,전국,판매 중
방탄소년단 맵솔콘 프포 일괄 양도,40000.0,2일 전,경기도 수원시 영통구 원천동,판매 중
BTS 방탄소년단 필라 FILA 포토북 화보집 양도 판매,2000.0,3주 전,전국,판매 중
A1 화일집 + BTS 방탄소년단 포스터 (공식),50000.0,3주 전,서울특별시 서대문구 신촌동,판매 중
방탄소년단 맵솔 온콘 프포,10000.0,2일 전,서울특별시 동대문구 휘경제2동,판매 중
방탄소년단 2020 시즌그리팅 (에눌가능!),15000.0,2일 전,강원도 강릉시 포남2동,판매 중
방탄소년단 bts 굿즈일괄(아미밤포카 에스콰이어잡지 아미키트 썸패포스터),50000.0,2주 전,인천광역시 서구 검단1동,판매 중
방탄소년단 BTS 윈터패키지 윈패 제이홉 호석 포토북,9000.0,3주 전,전국,판매 중
세븐틴 디디치킨 엘자파일 포스터 처분,1000.0,3주 전,전국,판매 중
[1set 15장!] 선착순 1명 1set 증정! 세븐틴 포토매틱,1000.0,2주 전,전국,판매 중
세븐틴 캐럿랜드 메모리북,15000.0,4주 전,전국,판매 중
세븐틴 2023 시즌그리팅 달력 양도,10000.0,4주 전,전국,판매 중
세븐틴 2022 시그 매거진 미개봉 양도,3500.0,3주 전,전국,판매 중
세븐틴 준 문준휘 중국 vivi 잡지 4월호 양도합니다,7000.0,2주 전,전국,판매 중
세븐틴 민규 디아이콘,13000.0,1달 전,전국,판매 중
세븐틴 비공굿 판매,6000.0,1달 전,전국,판매 중
세븐틴 포스터 양도받아요!,1000.0,3주 전,전국,판매 중
세븐틴 flm 엽서 교환 구해요 > 승철이,1234.0,3주 전,전국,판매 중
세븐틴 더네임 포토북 양도 큐알코드x,8000.0,2주 전,전국,판매 중
세븐틴 일본 한정 사진  세븐틴 굿즈 카라모바,9000.0,3주 전,전국,판매 중
세븐틴 fml 알라딘 엽서 디노로 교환,123456.0,3주 전,전국,판매 중
세븐틴 엘리트 포카 스티커 등신대 포스터 판매,1000.0,3주 전,전국,판매 중
세븐틴 FML 알라딘 엽서 교환합니다!,1000.0,3주 전,전국,판매 중
세븐틴 버논 23 시즌그리팅 시그 블라썸시즌 blossom season,1800.0,6일 전,전국,판매 중
세븐틴 호시 디아이콘 스페셜에디션,15000.0,1달 전,전국,판매 중
세븐틴 디아이콘 단체ver 잡지+포카15장 양도합니다,18000.0,2주 전,경기도 화성시 봉담읍,판매 중
세븐틴 2023 시즌그리팅 교환 호시 정한,1600.0,4주 전,전국,판매 중
세븐틴 2023 시그 벽걸이 달력,8000.0,4주 전,전국,판매 중
세븐틴 고잉 잡지 메거진 / 민규 포카 팝니다!!!,33000.0,3주 전,전국,판매 중
더샘 세븐틴 전신 포스터,3000.0,7일 전,서울특별시 노원구 상계3.4동,판매 중
세븐틴 생일박스2(미개봉)-우지,40000.0,1달 전,전국,판매 중
세븐틴 더네임 포스터북(13셋),5000.0,1달 전,전국,판매 중
세븐틴 섹터17 포스터 양도,2000.0,7일 전,전국,판매 중
세븐틴 빌보드 잡지 판매,30000.0,1달 전,서울특별시 노원구 중계2.3동,판매 중
세븐틴 2023시그 미개봉 특전포함 풀박,50000.0,1달 전,전국,판매 중
세븐틴 fml 미개봉 개봉앨범,12000.0,7일 전,전국,판매 중
세븐틴 인 캐럿랜드 2017 메모리 북,15000.0,1달 전,전라남도 목포시 만호동,판매 중
(구매) 세븐틴 포토패키지 양도받습니다.,10004.0,1달 전,전국,판매 중
세븐틴 아타카 캐럿반,1900.0,7일 전,전국,판매 중
세븐틴 디노 원우 부승관 호시 도겸,1800.0,1달 전,경기도 화성시 봉담읍,판매 중
세븐틴 멤버쉽 양도 판매합니다,9000.0,1달 전,전국,판매 중
세븐틴 호시 전시회 A3 액자 판매,25000.0,1달 전,서울특별시 도봉구 창제5동,판매 중
세븐틴 에스쿱스 화보,3000.0,1주 전,부산광역시 북구 금곡동,판매 중
세븐틴 호시 도무송 판매,1000.0,1주 전,전국,판매 중
[택포]클린 향수 모델 세븐틴 콜라보 화보집,3000.0,1달 전,전국,판매 중
세븐틴 포토북,2000.0,1달 전,전국,판매 중
세븐틴 face the sun,1004.0,1주 전,전국,판매 중
세븐틴 디아이콘 호시 세트 양도,90000.0,1주 전,경기도 수원시 영통구 원천동,판매 중
세븐틴 부승관 A3 액자,12000.0,1주 전,경기도 남양주시 진접읍,판매 중
세븐틴 더네임 포토북,18000.0,1주 전,전국,판매 중
세븐틴 일본잡지 캔캠 7월호 포스터포함,7000.0,1달 전,경상남도 양산시 물금읍,판매 중
디아이콘 세븐틴 정한 스페셜 에디션,40000.0,1달 전,전라북도 전주시 완산구 서신동,판매 중
세븐틴 2022 시그 시즌그리팅 다이어리 잡지,5000.0,1주 전,전국,판매 중
세븐틴 2기 홀더 시즌그리팅 포카,23000.0,1달 전,전국,판매 중
세븐틴 2022 시그 월페이퍼 양도,10000.0,1주 전,전국,판매 중
세븐틴 2022 시그 시즌그리팅 네컷 양도,3000.0,1주 전,전국,판매 중
세븐틴 언오드 준 포카,3000.0,1달 전,전국,판매 중
세븐틴 2022 시즌그리팅,1000.0,2달 전,전국,판매 중
세븐틴비공굿 승관프리쿠라 도무송(신상,1000.0,1주 전,전국,판매 중
세븐틴비공굿 호시프리쿠라 도무송(신상,1000.0,1주 전,전국,판매 중
세븐틴 2023 시그 시즌그리팅 판매합니다,55000.0,1달 전,전국,판매 중
세븐틴 포토북,5000.0,2달 전,전국,판매 중
세븐틴 소셜클럽 세트+특전+구성품,40000.0,1달 전,서울특별시 관악구 신림동,판매 중
세븐틴 도무송,1000.0,2달 전,전국,판매 중
세븐틴 더 네임 포토북(큐알포함) 양도,10000.0,1주 전,서울특별시 성북구 돈암제2동,판매 중
"세븐틴비공굿 정한,호시,우지 해피데이엽서(신상",1000.0,1주 전,전국,판매 중
세븐틴,1000.0,2달 전,전국,판매 중
세븐틴 정한 대형포스터 42x60센치 A2사이즈,6500.0,1달 전,전라남도 순천시 장천동,판매 중
세븐틴 형광펜,1000.0,2주 전,전국,판매 중
세븐틴 언오드 독 포토카드 포토북 팝니다,10000.0,1주 전,전국,판매 중
세븐틴 포토북 소셜클럽 캐럿세트 양도합니다(포토카드 제외 모든 구성),35000.0,1달 전,광주광역시 북구 문화동,판매 중
세븐틴 포토북 나눔받아요!,1800.0,2달 전,전국,판매 중
고잉 세븐틴 잡지 2.5 양도,25000.0,2주 전,전국,판매 중
세븐틴 울고싶지않아 공방 포스터 포카,120000.0,1주 전,서울특별시 중구 회현동,판매 중
세븐틴비공굿 도겸포토매틱(신상,1000.0,1주 전,전국,판매 중
"풀셋,가격내림)세븐틴 디페스타 디아이콘 데코북 원우 풀셋 양도합니당",65000.0,1달 전,전국,판매 중
세븐틴 2023 시그 시즌그리팅 미개봉 양도,65000.0,2달 전,전국,판매 중
세븐틴2020시그 증사+포스터,23500.0,2달 전,경기도 남양주시 오남읍,판매 중
세븐틴 An Ode 인화사진,11500.0,2달 전,경기도 남양주시 오남읍,판매 중
세븐틴 비공굿 일괄양도,15000.0,2달 전,전국,판매 중
"세븐틴 더팩트 포토북, 소셜클럽",9999.0,2달 전,서울특별시 강서구 화곡제1동,판매 중
[디코O] 세븐틴 더네임17 포토북 세트 일괄 양도,9000.0,1주 전,경기도 성남시 분당구 수내1동,판매 중
[디코O] 세븐틴 더네임17 포토북 세트 일괄 양도,7000.0,1주 전,경기도 성남시 분당구 수내1동,판매 중
세븐틴 디아이콘 단체+에스쿱스+민규 일괄 양도,50000.0,2달 전,서울특별시 용산구 한남동,판매 중
!!!급처!!!세븐틴 공식 포카 29장 일괄,38000.0,2달 전,부산광역시 사상구 주례제2동,판매 중
세븐틴 바자 잡지,7000.0,2달 전,전국,판매 중
세븐틴 일본 뮤지엄 2022 입장 특전 엽서 원우(미개봉),7000.0,2주 전,전라남도 순천시 서면,판매 중
뉴진스 혜인 혠뺙이 양도,25000.0,2달 전,전라남도 목포시 부주동,판매 중
뉴진스 스페셜 기프트,63000.0,2달 전,전국,판매 중
뉴진스 시그 2023 미개봉 뉴진스 시그 포카,50000.0,1달 전,전국,판매 중
뉴진스 절판 잡지 판매,33333.0,2주 전,전국,판매 중
급처 하니 민지 다니엘 혜린 혜인 뉴진스 한정판 패브릭 포스터 급처!,24000.0,1달 전,전국,판매 중
판매 완료,2000.0,1달 전,울산광역시 동구 방어동,판매 중
판매 완료,1000.0,1달 전,울산광역시 동구 방어동,판매 중
OMG다니엘 미개봉,9000.0,4주 전,전국,판매 중
다니엘 OMG앨포 양도,1000.0,1달 전,전국,판매 중
민지 시그 양도,4500.0,2달 전,전국,판매 중
판매 완료!,1800.0,3주 전,경기도 평택시 신평동,판매 중
판매 완료,4000.0,2달 전,대구광역시 수성구 고산2동,판매 중
OMG 공방 슬로건,15000.0,2달 전,전국,판매 중
스쿱마켓,10000.0,1달 전,전국,판매 중
아이브 팬클럽 키트 판매해요!,1000.0,1달 전,전국,판매 중
아이브 원영 비공굿 도무송 판스 판매,1000.0,1주 전,대구광역시 동구 신암1동,판매 중
아이브 신나라 시그 포카 가을,10000.0,1주 전,전국,판매 중
아이브레이접지,1500.0,1달 전,전국,판매 중
아이브포카 양도,1234.0,3주 전,전국,판매 중
가격내림 급처) 아이브 2023 시그 레이 포카 양도,10000.0,1달 전,서울특별시 송파구 잠실2동,판매 중
커플즈 아이브 도무송 비공굿 대량,1000.0,2달 전,전국,판매 중
아이브 시그 시즌그리팅 개봉 분철,28000.0,2달 전,전국,판매 중
아이브 펩시 포카 양도합니다,20000.0,3주 전,전국,판매 중
아이브 리즈 비공굿 도무송 팔아요!,1000.0,3주 전,전국,판매 중
아이브,1004.0,1달 전,전국,판매 중
아이브,1004.0,1달 전,전국,판매 중
아이브 2023 시그 시즌그리팅 개봉 키링제외 유진가을레이원영리즈이서,20000.0,2주 전,전국,판매 중
아이브도무송팔아요,1000.0,3달 전,전국,판매 중
아이브 포카 판매,30000.0,3달 전,전국,판매 중
