title,price,등록일시,위치,상태,제목,가격,group,is_member
엔시티 드림 재민 인형 리치잼 레몬잼 양도 체리잼피넛잼금귤잼,30000.0,1주 전,경상북도 예천군 예천읍,판매 중,,,0,1
원가양도)엔시티드림 지성 몬드림 몬쮜 양도 폼양도 nct dream 인형,26500.0,55분 전,전국,판매 중,,,0,1
엔시티 드림 제노 인형 젠푸 키링 양도,3000.0,1시간 전,전국,판매 중,,,0,1
쨈토리 엔시티 드림 재민 인형,15000.0,1시간 전,전국,판매 중,,,0,1
뽀송이 엔시티드림 지성 인형,33000.0,2시간 전,전국,판매 중,,,0,1
엔시티드림 재민 인형 금귤잼 양도합니다,28000.0,1시간 전,전국,판매 중,,,0,1
엔시티드림 재민 인형 잼꼬미 양도합니다,23000.0,1시간 전,전국,판매 중,,,0,1
오미리즈 미니칠드림 런쥔 엔시티드림 인형 양도 10cm 5cm,16000.0,1시간 전,서울특별시 송파구 오금동,판매 중,,,0,1
엔시티드림 제노 왕쩬 인형 양도,47000.0,2시간 전,전국,판매 중,,,0,1
엔시티 드림 지성 10cm 인형 백찌 미개봉,27000.0,2시간 전,전국,판매 중,,,0,1
"엔시티드림 인형(젠멍이,오햄찌,지뽀,리틀포켓찌, 베이비포켓찌) 팝니다",19000.0,2시간 전,전국,판매 중,,,0,0
엔시티 드림 제노 인형 한입도리 한입젠 미개봉 양도,30000.0,3시간 전,서울특별시 서초구 반포1동,판매 중,,,0,1
엔시티 드림 젠몽이 10cm 제노 인형,12000.0,2시간 전,전국,판매 중,,,0,1
엔시티 드림 10cm 인형 콩알 런쥔,17500.0,2시간 전,전국,판매 중,,,0,1
엔시티 드림 천러 10cm 인형 키티러 양도,18000.0,5시간 전,전국,판매 중,,,0,1
미개봉 런절미 양도합니다 엔시티 드림 런쥔 인형,26000.0,2시간 전,전국,판매 중,,,0,1
엔시티드림 지성 10cm 인형 지뽀 양도,10000.0,10시간 전,전라남도 순천시 왕조2동,판매 중,,,0,1
엔시티드림 제노 10cm 인형 이도도 양도,11000.0,11시간 전,전국,판매 중,,,0,1
엔시티드림 지성 10cm인형 콩쮜 양도해요,18000.0,11시간 전,전국,판매 중,,,0,1
젠멍이 캔디모자 양도 콩쩬 두부젠 예드젠 젠몽이 엔시티 드림 제노 인형,30000.0,9시간 전,전국,판매 중,,,0,1
엔시티드림 런쥔 인형 번번런 nct dream Renjun 10cm,24000.0,10시간 전,전국,판매 중,,,0,1
엔시티드림 제노 인형 젠몽이 양도,8000.0,11시간 전,전국,판매 중,,,0,1
엔시티드림 제노 10cm 인형 젠도리,21000.0,9시간 전,경상북도 포항시 북구 두호동,판매 중,,,0,1
엔시티 드림 런쥔 인형 런꼬미 원가양도,17500.0,10시간 전,전국,판매 중,,,0,1
엔시티 드림 재민 10cm 인형 리치잼 미개봉 양도,30000.0,9시간 전,전국,판매 중,,,0,1
(미개봉) 엔시티드림 천러 인형 쫑토퍼스 양도,15000.0,11시간 전,전국,판매 중,,,0,1
엔시티 드림 재민 10cm 인형 레몬잼 미개봉 현물 양도,28000.0,9시간 전,전국,판매 중,,,0,1
엔시티드림 천러 인형 모모토우러 양도,15000.0,11시간 전,전국,판매 중,,,0,1
엔시티드림 지성 인형 포켓찌,14000.0,13시간 전,전국,판매 중,,,0,1
래몬잼 엔시티드림 재민인형,28000.0,16시간 전,전국,판매 중,,,0,1
엔시티 드림 지성인형 포켓찌 양도,15000.0,17시간 전,서울특별시 은평구 역촌동,판매 중,,,0,1
엔시티 드림 런쥔 인형 양도 쪼먕이,30000.0,20시간 전,전국,판매 중,,,0,1
엔시티드림 제노 인형 두부젠 미개봉 1차,30000.0,20시간 전,전국,판매 중,,,0,1
미개봉 젠멍이 엔시티 드림 제노 10cm 인형,30000.0,14시간 전,전국,판매 중,,,0,1
엔시티 지성 인형 덕찌 포카 공방 nct 드림 dream,17000.0,13시간 전,전국,판매 중,,,0,1
엔시티드림 런쥔 인형 콩알쥔 양도,20000.0,11시간 전,전국,판매 중,,,0,1
엔시티 드림 레몬잼 재민 인형 미개봉 양도,30000.0,11시간 전,전국,판매 중,,,0,1
엔시티드림 해찬 인형 쨘곰이 10cm 원가 양도,18500.0,10시간 전,경기도 고양시 일산동구 풍산동,판매 중,,,0,1
예드젠 왕왕이 버킷햇 스티커 nct 엔시티 드림 제노 인형 두부젠,48000.0,22시간 전,전국,판매 중,,,0,1
엔시티 드림 지성 인형 뽀송이,35000.0,20시간 전,전국,판매 중,,,0,1
엔시티 드림 지성 산리오 인형 외,55000.0,20시간 전,전국,판매 중,,,0,1
잼토리 엔시티 드림 재민 10cm 인형,10000.0,3일 전,전국,판매 중,,,0,1
엔시티드림 제노 인형 퍼피젠 젠몽이 젠뭉이,1800.0,3일 전,전국,판매 중,,,0,1
(꼼러 제시 양도) 엔시티 드림 천러 인형 무나 ㅅㅊㅇ,1122.0,3일 전,전국,판매 중,,,0,1
원가 양도)) 엔시티 드림 런쥔 인형 번번런,17800.0,2일 전,전국,판매 중,,,0,1
(개당) 엔시티 드림 인형 드림토퍼스 맠토퍼스 잼토퍼스 쫑토퍼스 양도,18000.0,3일 전,전국,판매 중,,,0,0
엔시티 드림 Nct 산리오 인형 누이 도영 양양 헨드리,1004.0,4일 전,서울특별시 서초구 서초1동,판매 중,,,0,0
엔시티 드림 마크 인형 치타리 10cm 양도,27000.0,2주 전,전국,판매 중,,,0,1
엔시티드림 이제노 10cm 인형 이미미 양도,20000.0,3주 전,전국,판매 중,,,0,1
엔시티 드림 런쥔 런먕이 세라복 세트 인형 원가 이하 양도 런꼬미,29000.0,2주 전,전국,판매 중,,,0,1
번번런 원가양도   /    엔시티 드림 런쥔 인형 양도 10cm,16000.0,2주 전,전국,판매 중,,,0,1
엔시티 드림 런쥔 런먕이 세라복 세트 인형 원가 이하 양도 런꼬미,1000.0,2주 전,전국,판매 중,,,0,1
엔시티드림 제노 젠몽이 인형 뱃지 특전,4000.0,4주 전,전국,판매 중,,,0,1
엔시티 드림 지성 인형 포켓찌 양도 핫소스 키링,23000.0,4달 전,전국,판매 중,,,0,1
레몬잼 콩알잼 재민 인형 양도 받아요! 포카 피넛잼 엔시티드림 앨범,60000.0,4달 전,전국,판매 중,,,0,1
엔시티드림 제노 왕왕이 인형,10000.0,6달 전,전국,판매 중,,,0,1
엔시티 드림 재민 10cm 인형 뽀잼이 양도 판매,19500.0,4달 전,전국,판매 중,,,0,1
엔시티 드림 인형 몽빵즈 원가양도 빵쥔 몽찌,33500.0,6달 전,전국,판매 중,,,0,0
엔시티드림 일이칠 솜솜봉 솜뭠봄 인형 믐뭔봄 원가양도,12500.0,1달 전,전국,판매 중,,,0,0
5cm 인형 미니칠드림 랜뽑,3000.0,2주 전,전국,판매 중,,,0,0
지성 인형 뺙찌 양도 엔시티드림,11000.0,2달 전,전국,판매 중,,,0,1
지성 인형 뺙찌 엔시티드림,11000.0,2달 전,울산광역시 북구 농소2동,판매 중,,,0,1
엔시티드림 제노 쩬물이 미개봉,11000.0,1주 전,전국,판매 중,,,0,1
엔시티 드림 인형 꼼드림 양도 째미니 쩨노 마꼼 꼼썬 꼼쥔 꼼찌 꼼냥러,25000.0,12시간 전,전국,판매 중,,,0,0
토잼 엔시티드림 재민 인형,20000.0,2일 전,경상남도 거제시 상문동,판매 중,,,0,1
엔시티드림 지성 꼼찌 인형 양도,30000.0,2일 전,전국,판매 중,,,0,1
엔시티드림 런쥔 인형 런절미 미개봉 양도,29000.0,2일 전,전국,판매 중,,,0,1
엔시티드림 엔시티127 해찬 곰효기 인형 양도!!,21500.0,2일 전,전국,판매 중,,,1,1
엔시티드림 해찬 인형 동쪼 양도합니다 이곰도 이꼼찬 치타리 뽀송이 포켓찌,19000.0,2일 전,전국,판매 중,,,0,1
엔시티 드림 nct dream 런쥔 10cm 인형 런뽀 양도 판매,19000.0,3일 전,전국,판매 중,,,0,1
Nct dream 엔시티 드림 런쥔 10cm 인형 꼼쥔 꼼드림 무대로,35000.0,3일 전,부산광역시 북구 구포제2동,판매 중,,,0,1
엔시티드림 런쥔 인형 종류 다양,27000.0,3일 전,전국,판매 중,,,0,1
엔시티 드림 제노 인형 젠멍이,25000.0,3일 전,전국,판매 중,,,0,1
엔시티드림 런쥔 인형 꼼쥔 양도,29000.0,3일 전,경기도 고양시 덕양구 행신1동,판매 중,,,0,1
엔시티 드림 재민 인형 포켓잼 판매,14000.0,3일 전,전국,판매 중,,,0,1
엔시티 드림 행운드림즈 행운쮠 행운쮜 양도 인형,25000.0,3일 전,전국,판매 중,,,0,0
엔시티드림 런쥔 인형 런먕이 원가양도,21500.0,3일 전,전국,판매 중,,,0,1
포켓잼 토잼이 양도 엔시티드림 재민 인형,15000.0,3일 전,부산광역시 기장군 정관읍,판매 중,,,0,1
원가이하)엔시티드림 런쥔 인형 미니칠드림 비공굿,12000.0,3일 전,전국,판매 중,,,0,1
(반택포) 엔시티 드림 엔시티 제노 인형 순둥젠 양도,10000.0,3일 전,경기도 하남시 위례동,판매 중,,,0,1
엔시티드림 재민 인형 10cm 토잼이 폼 양도,20000.0,3일 전,전국,판매 중,,,0,1
엔시티 드림 런쥔 인형 런절미 양도,24000.0,2일 전,전국,판매 중,,,0,1
엔시티 드림 마크 인형 치타리 7cm 미개봉 양도 비현물 현물,17000.0,3일 전,전국,판매 중,,,0,1
nct dream 엔시티 드림 런쥔 인형 10cm 런먕이 쪼먕이,23000.0,4일 전,전국,판매 중,,,0,1
엔시티드림 런쥔 인형 런절미,25000.0,4일 전,전국,판매 중,,,0,1
엔시티 드림 지성 인형 양도 포켓찌,12000.0,2일 전,경기도 광주시 광남동,판매 중,,,0,1
엔시티 드림 런쥔 인형 런절미 미개봉 양도,30000.0,4일 전,서울특별시 서초구 반포1동,판매 중,,,0,1
엔시티드림 엔시티 해찬 인형 해코볼 해코미,13000.0,4일 전,전국,판매 중,,,0,1
엔시티 런쥔 인형 행운드림즈 행운쮠 양도,14000.0,4일 전,전국,판매 중,,,0,1
엔시티드림 제노 인형 젠멍이 캔디 모자 양도,30000.0,4일 전,전국,판매 중,,,0,1
미개봉 젠멍이+모자 / 엔시티드림 제노 인형 양도,27000.0,4일 전,서울특별시 서초구 방배4동,판매 중,,,0,1
엔시티 드림 마크 플러피 10cm 인형,10000.0,4일 전,전국,판매 중,,,0,1
엔시티드림 엔시티127 해찬인형 쨘곰이 원가양도 <비현물,18500.0,4일 전,전국,판매 중,,,1,1
엔시티드림 지성 10cm 인형 삐숑이 원가양도,19000.0,2일 전,전국,판매 중,,,0,1
엔시티 nct 드림 런쥔 인형 콩쮠 양도 포카,25000.0,5일 전,전국,판매 중,,,0,1
엔시티드림 제노 인형 젠멍이 미개봉 원가 양도 굿즈 정리,24000.0,4일 전,서울특별시 구로구 개봉제1동,판매 중,,,0,1
엔시티드림 제노 인형 폭쩬 양도,20000.0,5일 전,전국,판매 중,,,0,1
급처) 엔시티 드림 지성 인형 지뽀 양도,13000.0,5일 전,대구광역시 달성군 다사읍,판매 중,,,0,1
꼼찌 풀박 양도해요! 엔시티드림 지성 10cm인형 꼼드림,27000.0,1주 전,전국,판매 중,,,0,1
엔시티드림 제노인형 콩쩬,20000.0,2주 전,전국,판매 중,,,0,1
엔시티드림 재민 인형 리치잼 양도,51000.0,2주 전,전국,판매 중,,,0,1
포켓찌 엔시티드림 인형 엔시티 판매 지성,10000.0,2주 전,전국,판매 중,,,0,1
엔시티 일이칠 드림 해찬 인형 곰효기 양도 판매,35000.0,1주 전,전국,판매 중,,,0,1
엔시티드림 인형 포켓찌 양도해요 외출 목욕XXX,10500.0,1주 전,경기도 성남시 분당구 판교동,판매 중,,,0,0
엔시티드림 천러 꼬마즈 인형+포카,35000.0,2주 전,전국,판매 중,,,0,1
덤 많음) 엔시티 드림 마크 인형 꽈당애옹 꽈옹이 양도,12000.0,1주 전,전국,판매 중,,,0,1
NCT 드림 런쥔 인형 꼼쥔 양도,32000.0,3주 전,전국,판매 중,,,0,1
버니잼 양도중 엔시티드림 재민 인형 양도,65000.0,2주 전,전국,판매 중,,,0,1
엔시티 드림 천러 인형 냥러 양도,30000.0,2주 전,전국,판매 중,,,0,1
엔시티드림 제노 인형 쩨노 양도,22000.0,2주 전,전국,판매 중,,,0,1
엔시티 드림 천러 인형 꼼러 풀박 양도,28000.0,2주 전,전국,판매 중,,,0,1
엔시티드림 인형 오미리즈 미니칠드림 런쥔 옷포함 양도,15800.0,1주 전,대구광역시 달서구 월성1동,판매 중,,,0,1
엔시티 드림 천러 인형 꼼드림 꼼러,30000.0,3주 전,전국,판매 중,,,0,1
엔시티 드림 런쥔 런절미 런먕이 인형 포토카드 포카 양도 판매,21500.0,1주 전,전국,판매 중,,,0,1
엔시티드림 마크인형 치타리 10cm 양도,18500.0,2주 전,전국,판매 중,,,0,1
엔시티드림 몽빵즈 몽쮜 지성인형 양도,18000.0,2주 전,서울특별시 송파구 문정1동,판매 중,,,0,1
엔시티 드림 지성 인형 포켓찌 양도,15000.0,2주 전,전국,판매 중,,,0,1
꼼러 양도 엔시티드림 인형 엔시티,27000.0,3주 전,전국,판매 중,,,0,0
급처) 엔시티드림 해찬 인형 꼼드림 꼼썬 미개봉 2.4에 양도 판매,24000.0,1주 전,전국,판매 중,,,0,1
엔시티드림 런쥔 인형 황런둥 양도,19000.0,2주 전,전국,판매 중,,,0,1
엔시티 드림 런쥔 인형 꼼쥔 양도,25000.0,3주 전,전국,판매 중,,,0,1
엔시티 드림 재민 10cm 인형 나퐁이 양도 반택포,30000.0,1주 전,전국,판매 중,,,0,1
엔시티드림 런쥔 인형 런절미 양도 현물 무민,28000.0,2주 전,대구광역시 달서구 월성1동,판매 중,,,0,1
냥러 풀박스 엔시티 드림 천러 10cm 인형 꼼러 꼼드림,25000.0,1주 전,전국,판매 중,,,0,1
엔시티 드림 런쥔 인형 우유쭌 양도,15000.0,3주 전,전국,판매 중,,,0,1
엔시티드림 런쥔 꼼쥔 인형 양도 받아용,28000.0,2주 전,전국,판매 중,,,0,1
엔시티 드림 지성 인형 포켓찌 양도 판매,13000.0,3주 전,대전광역시 유성구 진잠동,판매 중,,,0,1
엔시티 응원봉 인형 솜솜봉 솜뭔봄 솜파봉 공구 양도 127 드림 웨이션,9000.0,3달 전,전국,판매 중,,,0,0
Nct 127 엔시티 유타 인형 뚠뚠즈 뚠타 양도,17500.0,2달 전,전국,판매 중,,,1,1
nct127쟈니 왕쟌니 인형 양도해요,18000.0,3달 전,전국,판매 중,,,1,1
엔시티127뚠뚠즈 도영인형 양도 교환 [원가 이하(원가 1.4)] 비현물,12000.0,2달 전,전국,판매 중,,,1,1
햇꼬미 쫑꼬미 양도합니다! 해찬 천러 인형 엔시티드림 엔시티127 캔디,20000.0,2달 전,전국,판매 중,,,1,1
nct127 도영 인형 하또 구합니다!,127127.0,3달 전,전국,판매 중,,,1,1
엔시티 127 유타 인형 유네코 양도 받아요,1026.0,4달 전,전국,판매 중,,,1,1
nct127 정재현 인형 치즈잰 양도 받아요!,30000.0,4달 전,전국,판매 중,,,1,1
nct 127 도영 수달 인형 수달뚀 양도,15000.0,5달 전,전국,판매 중,,,1,1
유체리 엔시티 127 유타 인형,26000.0,1달 전,전국,판매 중,,,1,1
마쿵이 양도합니다 nct mark 마크인형 드림 일이칠 127 dream,16000.0,2주 전,전국,판매 중,,,0,1
엔시티 127 유타 인형 양도 받아요 유네코 유라이언 유체리,1026.0,3달 전,전국,판매 중,,,1,1
방탄(bts) bt21 슈키 백참인형 만원에팔아요(반값택배포함),10000.0,48분 전,경기도 안양시 만안구 안양7동,판매 중,,,2,0
rj 인형 알제이 쿠키 방탄소년단 굿즈 키링 bt21 bts,3500.0,3시간 전,서울특별시 성동구 행당제1동,판매 중,,,2,0
BT21 에프터스쿨 스쿨룩 교복 봉제 인형 BTS 방탄소년단 캐릭터,11000.0,3시간 전,전국,판매 중,,,2,0
방탄 방탄소년단 슈가 민윤기 bts 인형 슙타르트 양도,10000.0,2시간 전,전국,판매 중,,,2,1
방탄 bts 제이홉 방탄소년단 인형 호냥이 정호석 양도,25000.0,2시간 전,전국,판매 중,,,2,1
BTS 정국 인형 꾹뚜기 정뭉이 토뭉이 토꾸꾸,24000.0,2시간 전,전국,판매 중,,,2,1
방탄소년단 bts 방탄 뷔 태디속성 솜인형 판매합니다,30000.0,5시간 전,전국,판매 중,,,2,1
BTS 제일복권 타이니탄 정국 인형,10000.0,3시간 전,전국,판매 중,,,2,1
방탄소년단 지민 윤기 10cm 인형,24000.0,3시간 전,전국,판매 중,,,2,1
방탄소년단 인형 대량처분,3000.0,1시간 전,전국,판매 중,,,2,0
10cm 방탄소년단 지민속성 인형 찜퐁이 새상품 양도,22000.0,3시간 전,전국,판매 중,,,2,1
방탄소년단 BTS 팝업스토어 제이홉 정호석 인형,15000.0,9시간 전,전국,판매 중,,,2,1
방탄소년단 BT21 쿠키 치미 타타 인형 키링 미니 패밀리 라인프렌즈,17000.0,3시간 전,전국,판매 중,,,2,0
BTS 방탄소년단 정국 비공굿 인형 꾸키 미개봉 양도,25000.0,16시간 전,전국,판매 중,,,2,1
bt21 방탄소년단 미니니 인형 라인프렌즈 쿠키,14000.0,10시간 전,전국,판매 중,,,2,0
BTS V&JK 태형&정국인형,18000.0,10시간 전,전국,판매 중,,,2,1
방탄소년단 BTS쿠지 슈가 인형,20000.0,13시간 전,인천광역시 계양구 계산4동,판매 중,,,2,1
방탄소년단 bt21인형 사실분~,15000.0,6시간 전,경기도 남양주시 화도읍,판매 중,,,2,0
방탄소년단 지민 인형 20cm,15000.0,10시간 전,대구광역시 동구 안심3.4동,판매 중,,,2,1
방탄소년단 제이홉 인형 bts 정호석,25000.0,18시간 전,전국,판매 중,,,2,1
BTS BT21 알제이 쿠키 슈키 플랫퍼 인형,13000.0,11시간 전,전국,판매 중,,,2,0
방탄소년단 굿즈 인형 양도합니다,50000.0,7시간 전,서울특별시 도봉구 방학제1동,판매 중,,,2,0
라인프렌즈 방탄소년단 피크닉 미니인형,7000.0,9시간 전,경기도 과천시 별양동,판매 중,,,2,0
방탄소년단 bts 정국 인형 양도 급처,5000.0,12시간 전,전국,판매 중,,,2,1
방탄소년단 bt21 쿠키 크리스마스 인형,8000.0,9시간 전,전국,판매 중,,,2,0
bts 방탄소년단 마텔 제이홉 인형 리페인팅 양도,95000.0,20시간 전,서울특별시 노원구 하계2동,판매 중,,,2,1
방탄소년단 bts bt21 타타 tata 인형 백참,5000.0,23시간 전,전국,판매 중,,,2,0
방탄 방탄소년단 아미밤 모자 10cm 인형,7000.0,10시간 전,울산광역시 남구 선암동,판매 중,,,2,0
방탄소년단 bts 정국 인형 (코코쿠키) 양도해요,19000.0,15시간 전,전국,판매 중,,,2,1
방탄소년단  슈가인형 윤기인형  힛슈 20cm,15000.0,11시간 전,전국,판매 중,,,2,1
방탄소년단 bts 인형 양도 태태베베 뷔 태형 급처,18000.0,12시간 전,전국,판매 중,,,2,1
바니키티볼 방탄소년단 정국 속성 솜인형 양도 BTS,7000.0,14시간 전,서울특별시 강남구 대치2동,판매 중,,,2,1
BT21 방탄소년단 치미 인형 BTS 베이비 치미 플랫 퍼 백참 키링,45000.0,12시간 전,전국,판매 중,,,2,0
bts 방탄소년단 태형 뷔 타타 20cm 솜인형 파자마 잠옷 세트,10000.0,21시간 전,전국,판매 중,,,2,1
BTS 방탄소년단 정국 왕아기부부 왕아기꾹 40cm 솜인형 풀셋,100000.0,22시간 전,전국,판매 중,,,2,1
방탄소년단 bts 김석진 미개봉 타이니탄인형 제일복권 1등상품,15000.0,23시간 전,서울특별시 마포구 서교동,판매 중,,,2,1
방탄소년단 bts 굿즈 bt21 알제이 쿠키 미니니인형 일본팬미팅 우비,11000.0,19시간 전,서울특별시 성동구 행당제1동,판매 중,,,2,0
BTS정국 10cm 인형 꾸꾸꾸 강아지 양도,23000.0,18시간 전,전국,판매 중,,,2,1
"라인프렌즈 BT21 BTS 인형 미니니(치미, 샐리니), 알제이",10000.0,15시간 전,전국,판매 중,,,2,0
BTS RM 인형 코아 (반다이 일본),25000.0,11시간 전,전국,판매 중,,,2,1
방탄소년단 BTS 지민 인형,9000.0,15시간 전,전국,판매 중,,,2,1
BTS 방탄소년단 제이홉 인형,20000.0,16시간 전,경기도 수원시 권선구 세류1동,판매 중,,,2,1
[방탄소년단] 태태 뷔 인형 + 덤,29000.0,6시간 전,경기도 안양시 만안구 안양2동,판매 중,,,2,1
방탄소년단 BT21 정국 쿠키 인형,17000.0,10시간 전,경기도 수원시 권선구 금곡동,판매 중,,,2,1
방탄소년단 BTS 제이홉 인형 정얌얌,20000.0,19시간 전,전국,판매 중,,,2,1
라인프렌즈 BTS 피크닉 치미 인형,10000.0,21시간 전,전국,판매 중,,,2,0
BTS인형 BT21 minini 미개봉,15000.0,16시간 전,전국,판매 중,,,2,0
방탄소년단 방탄 슈가 민윤기 속성인형 BTS,15000.0,13시간 전,제주특별자치도 서귀포시 대정읍,판매 중,,,2,1
방탄소년단 호석 제이홉 베이홉 인형,8500.0,10시간 전,전국,판매 중,,,2,1
방탄소년단 뷔 인형 판매해요,34000.0,11시간 전,전국,판매 중,,,2,1
방탄소년단 정국 태형 인형 양도해요 bts,5000.0,12시간 전,부산광역시 기장군 정관읍,판매 중,,,2,1
bts 정국인형 젤쿠 젤리쿠키,13000.0,23시간 전,전국,판매 중,,,2,1
방탄소년단 BTS 제이홉 인형 정까먐,20000.0,19시간 전,전국,판매 중,,,2,1
방탄소년단 인형 램몬,23000.0,15시간 전,경기도 광주시 경안동,판매 중,,,2,0
방탄소년단 인형 꾸기스페셜,23000.0,15시간 전,경기도 광주시 경안동,판매 중,,,2,0
20cm 인형옷 bts 슈가 봄날 의상 판매,9000.0,12시간 전,서울특별시 도봉구 도봉제1동,판매 중,,,2,1
[방탄소년단/bts] 뷔 인형,3000.0,3일 전,전국,판매 중,,,2,1
BT21 CHIMMY 치미 미니니 스탠딩 인형 방탄 지민 BTS,11000.0,20시간 전,전국,판매 중,,,2,1
방탄소년단 슈가 인형 스위트슈키,50000.0,19시간 전,전국,판매 중,,,2,1
방탄소년단 정국 인형 쿠키 플랫퍼 양도,10000.0,13시간 전,전국,판매 중,,,2,1
방탄소년단 해외인형 로밀크주이넬,48000.0,21시간 전,전국,판매 중,,,2,0
방탄소년단 타타 인형 2개 + 아미밤키링,20000.0,20시간 전,서울특별시 강서구 화곡제1동,판매 중,,,2,0
방탄 소년단 bt21 제이홉 호석 점보 인형 망 쿠션 45cm,35000.0,4일 전,전국,판매 중,,,2,1
방탄소년단 BT21 공식 알제이 RJ 치미CHIMMY 인형 키링 정품,7000.0,15시간 전,경기도 군포시 금정동,판매 중,,,2,0
방탄소년단 방탄 20센치 15센치 인형 소년태태 태형 옷 소년희망 선입금,28000.0,16시간 전,전국,판매 중,,,2,0
BTS 타이니탄 진 인형,14000.0,2일 전,대전광역시 서구 갈마1동,판매 중,,,2,1
방탄소년단 방탄 10cm 인형 정얌얌 정까먐 스위트슈키 포카홀더,20000.0,19시간 전,전국,판매 중,,,2,0
BT21 알제이 / BTS 진 캐릭터 인형,7000.0,2일 전,대전광역시 서구 갈마1동,판매 중,,,2,1
BTS 방탄소년단 힙합몬스터 힙몬 지민 인형 양도합니다(우체국택포),49000.0,3일 전,전국,판매 중,,,2,1
정국인형bts방탄,5000.0,2일 전,전국,판매 중,,,2,1
침침카우1 bts 비공식 인형 판매합니다,17000.0,2일 전,전국,판매 중,,,2,0
BT21-BTS: RJ 인형 | 알제이 인형,15000.0,2일 전,경기도 이천시 마장면,판매 중,,,2,0
BTS 방탄 슈가 쿠지 인형,25000.0,2일 전,서울특별시 동대문구 답십리제1동,판매 중,,,2,1
방탄소년단 bts bt21 타타 tata 인형,7000.0,4일 전,서울특별시 광진구 구의제3동,판매 중,,,2,0
BTS 방탄소년단 타이니탄 뷔 인형,9000.0,2일 전,전국,판매 중,,,2,1
방탄소년단 슈가 민윤기 솜인형 토니슙 판매,9000.0,2일 전,전국,판매 중,,,2,1
BTS 방탄소년단 지민 인형 망개쿠션,10000.0,2일 전,전국,판매 중,,,2,1
BTS-BT21: 일본 이치반 규지 인형 | 치미,16000.0,2일 전,경기도 이천시 마장면,판매 중,,,2,0
방탄 bts 진 인형 형아쿼카,15000.0,2일 전,부산광역시 사상구 삼락동,판매 중,,,2,1
방탄소년단 인형 판매,13000.0,2일 전,전국,판매 중,,,2,0
BTS-BT21: 미니니 인형 가방 | 치미,16000.0,2일 전,경기도 이천시 마장면,판매 중,,,2,0
방탄 BTS 알제이 인형백팩 20CM 인형 인형옷,15000.0,2일 전,전국,판매 중,,,2,0
BTS-BT21: 미니니 버디 인형 | 치미 망,22000.0,2일 전,경기도 이천시 마장면,판매 중,,,2,0
bts 방탄인형 남준인형 RM인형 파랑남준솜인형 15CM솜인형,38000.0,2일 전,전국,판매 중,,,2,1
"BT21-BTS 인형 | 슈키 , 치미 , 망 , 쿠키 , 코야",18000.0,2일 전,경기도 이천시 마장면,판매 중,,,2,0
BTS-BT21: 일본 탓톤 타이거 인형 | 호랑이 | 치미,25000.0,2일 전,경기도 이천시 마장면,판매 중,,,2,0
방탄 방탄소년단 인형 bt21 키링,150000.0,2일 전,전국,판매 중,,,2,0
BTS 방탄 방탄소년단 윙크 태형 뷔 20CM 솜인형,40000.0,4일 전,전국,판매 중,,,2,1
방탄소년단 인형 아기태태 팝니다,10000.0,2일 전,전국,판매 중,,,2,0
띠미 인형 양도해요 방탄소년단 박지민 bts jimin,33000.0,2일 전,전국,판매 중,,,2,1
방탄소년단 방탄 BTS BT21 할로윈 인형 부클파우치 미니인형 코인지갑,4000.0,2일 전,전국,판매 중,,,2,0
방탄소년단 쿠지 인형 아크릴 키링 세트,3000.0,2일 전,전국,판매 중,,,2,0
BTS 방탄소년단 뷔 태형 배색 니트 티셔츠 인형옷 15CM 20CM,30000.0,4일 전,전국,판매 중,,,2,1
BT21 치미인형 방탄소년단 bt21 쿠키 세안밴드,30000.0,2일 전,전국,판매 중,,,2,0
BTS 뷔(V) 쿠션 인형이랑 BT21 쿠키 봉제인형 양도해요,10000.0,2일 전,경기도 포천시 소흘읍,판매 중,,,2,1
방탄소년단 인형 찌미짱 양도해요,20000.0,2일 전,서울특별시 강동구 강일동,판매 중,,,2,0
방탄소년단 전정국 인형 가격 내렷어요!!,6000.0,2일 전,전국,판매 중,,,2,1
BT21 인형 키링 방탄소년단 BTS 인형,12000.0,5일 전,전국,판매 중,,,2,0
방탄소년단 지민 찜퐁이 아이돌 인형,20000.0,2일 전,인천광역시 연수구 송도2동,판매 중,,,2,1
BTS 방탄소년단 김태형 태형 뷔 V 15CM 솜인형 빨머 인형+옷세트,45000.0,4일 전,전국,판매 중,,,2,1
방탄소년단 슈가 인형 양도합니다 (릴뮤슈),10000.0,2일 전,전국,판매 중,,,2,1
방탄소년단 BT21 미개봉 허그미 알제이 RJ 인형 쿠션 ,27000.0,2일 전,전국,판매 중,,,2,0
BTS 방탄소년단 태태베베 뷔 김태형 굿즈 아이돌 20cm 속성 솜인형,17000.0,2일 전,전국,판매 중,,,2,1
방탄소년단 타이니탄 피규어 인형 bts,7000.0,5일 전,전국,판매 중,,,2,0
제일복권 ) 미개봉 ) BTS 방탄 소년단 인형 타이니탄 슈가,16000.0,1주 전,경기도 의왕시 오전동,판매 중,,,2,1
방탄소년단 BT21 미개봉 스트리트무드 스탠딩 인형 타타 쿠키 원가 양도,30000.0,2일 전,전국,판매 중,,,2,0
"방탄소년단 BTS 김태형 인형&옷,소품들 판매합니다",65000.0,5일 전,부산광역시 부산진구 당감제1동,판매 중,,,2,0
본보야지돼지인형 본보야지인형 태형인형  bts,15000.0,3일 전,전국,판매 중,,,2,0
방탄소년단 정국 인형,10000.0,3일 전,전국,판매 중,,,2,1
방탄소년단 슈가 인형 슙타르트,10000.0,3일 전,전국,판매 중,,,2,1
타타 허그미쿠션 타타인형 bts 태태 태형 뷔,10000.0,3일 전,전국,판매 중,,,2,1
태태 인형  윙즈태  방탄 인형 태형 인형 방탄소년단,10000.0,3일 전,전국,판매 중,,,2,0
코튼캔디 레인보우 알제이 RJ 인형 BT21 방탄소년단 BTS,29000.0,6일 전,서울특별시 서초구 서초1동,판매 중,,,2,0
BTS 방탄소년단 팝업샵 타이니탄 슈가 봉제 인형,15000.0,6일 전,대전광역시 유성구 전민동,판매 중,,,2,1
방탄소년단  민윤기 대취티 인형 양도 받아요,25000.0,3일 전,전국,판매 중,,,2,0
방탄소년단 뷔 아기태태 인형 양도합니다:D,4000.0,3일 전,전국,판매 중,,,2,1
슙냥이 슈가 아이돌 고양이 인형 방탄소년단 bts 10cm 20cm,10000.0,6일 전,전국,판매 중,,,2,1
방탄소년단 태형 인형 방탄 뷔 인형 태루루민후후 태루루 양도,38000.0,3일 전,전국,판매 중,,,2,1
BTS 방탄 제이홉 인형,29000.0,2일 전,전국,판매 중,,,2,1
방탄소년단(BTS) 지민 스탠딩돌 인형,32000.0,4일 전,전국,판매 중,,,2,1
방탄소년단 진 디에스트로넛 우떠 인형 양도,50000.0,3일 전,전국,판매 중,,,2,1
BTS RM 남준인형 판매합니다,10000.0,4일 전,경기도 파주시 조리읍,판매 중,,,2,1
방탄소년단 방탄 bt21 tata 타타 인형 윈터 크리스마스,8000.0,2일 전,경기도 평택시 비전2동,판매 중,,,2,0
스타 BTS 방탄소년단 V 김태형 솜인형 20CM,38000.0,1달 전,전국,판매 중,,,2,0
(미개봉)타이니탄제일복권 BTS 방탄 인형 호석 석진 남준 인형팝니다,11000.0,4일 전,서울특별시 마포구 서교동,판매 중,,,2,1
(가격내림)bt21 플랫퍼 방탄소년단 인형 bts,10000.0,7일 전,전국,판매 중,,,2,0
BTS 방탄소년단 제이홉 호석 호석이인형 10CM 솜인형 방탄인형,35000.0,1달 전,전국,판매 중,,,2,1
BTS BT21 방탄 cookie 쿠키 백참 인형,10000.0,7일 전,충청북도 청주시 흥덕구 강내면,판매 중,,,2,0
방탄소년단 정국 이치방쿠지 봉제인형,20000.0,7일 전,서울특별시 종로구 사직동,판매 중,,,2,1
bts 방탄소년단 태형 인형가디건 20cm 인형옷,30000.0,1달 전,전국,판매 중,,,2,0
방탄소년단 이치방쿠지 지민 봉제인형,20000.0,7일 전,서울특별시 종로구 사직동,판매 중,,,2,1
BTS 방탄 방탄소년단 SUGA 윤기 민윤기 20CM 솜인형 ,45000.0,1달 전,전국,판매 중,,,2,0
방탄소년단 bts 인터액티브토이 타타 피규어 인형,5000.0,1달 전,전국,판매 중,,,2,0
방탄소년단(BTS) BT21 치미 마스코트 인형,15000.0,1주 전,전국,판매 중,,,2,0
대취티 양도 슈가 인형 방탄소년단 10cm,1000.0,7일 전,전국,판매 중,,,2,1
방탄소년단 BTS 타이니탄 석진 인형,20000.0,1주 전,전국,판매 중,,,2,1
BTS 방탄소년단 뷔 태형 브이넥 스트라이프 니트 인형옷 15CM2OCM,30000.0,1달 전,전국,판매 중,,,2,1
방탄소년단 BTS 캐릭터 BT21 인형 키링 알제이 타타,15000.0,1달 전,서울특별시 동작구 대방동,판매 중,,,2,0
BT21 방탄 인형 방탄소년단 인형,10000.0,5일 전,전국,판매 중,,,2,0
베이비 치미 인형 키링 bts,8000.0,1주 전,경기도 하남시 미사1동,판매 중,,,2,0
bt21 타타 레인보우 플랫퍼 방탄소년단 인형 방탄,16000.0,7일 전,전국,판매 중,,,2,0
BTS 방탄소년단 V 태형 블루 가디건 15CM 20CM 인형옷,30000.0,1달 전,전국,판매 중,,,2,0
방탄소년단 슈가 인형 랑슈,8000.0,5일 전,서울특별시 강남구 역삼2동,판매 중,,,2,1
방탄소년단 BT21 미개봉 베이비 알제이 스퀴즈 말랑이 스트레스볼 인형,10000.0,7일 전,전국,판매 중,,,2,0
방탄소년단 제이홉 히망이 인형,10000.0,1주 전,전국,판매 중,,,2,1
방탄소년단인형,10000.0,1주 전,전국,판매 중,,,2,0
방탄소년단 뷔(김태형) 인형,25000.0,1주 전,전국,판매 중,,,2,1
의상/반값택배비 포함 BTS 방탄소년단 인형 팝니다,15000.0,1주 전,전국,판매 중,,,2,0
방탄소년단 인형 정뭉이 랑슈 융기냥 양도합니다,18000.0,1주 전,충청남도 천안시 동남구 신방동,판매 중,,,2,0
방탄소년단 김석진 10cm인형 햄찌니 팔아요,19000.0,1주 전,전국,판매 중,,,2,1
방탄소년단 정국 인형 팝니다,15000.0,3주 전,전국,판매 중,,,2,1
방탄소년단 알엠 모토패밀리 인형,7000.0,2주 전,경상남도 창원시 마산회원구 구암2동,판매 중,,,2,0
bt21 쿠키 플랫퍼 인형 스탠딩돌 방탄 bts 정국,12000.0,2주 전,전국,판매 중,,,2,1
방탄소년단 BT21 코야 koya 인형 판매합니다 (일본라인프렌즈),1000.0,1주 전,경기도 파주시 조리읍,판매 중,,,2,0
방탄소년단 정국 인형,8000.0,3주 전,경기도 남양주시 별내동,판매 중,,,2,1
Bts 마텔 바비인형,10000.0,1달 전,전국,판매 중,,,2,0
BTS 방탄인형 제이홉 해외인형 페코 희망이 20cm,35000.0,6일 전,전국,판매 중,,,2,1
BT21 방탄소년단 인형 판매합니다 / 타타 미니니 / 치미 그린플래닛,1111.0,1주 전,전국,판매 중,,,2,0
방탄소년단 Suga 민윤기 슈가 인형,20000.0,3주 전,서울특별시 영등포구 신길제7동,판매 중,,,2,1
태둥이 방탄소년단 태형 인형,7000.0,3주 전,전국,판매 중,,,2,0
방탄소년단 지민 인형 침침카우 판매합니다,22000.0,2주 전,전국,판매 중,,,2,1
(에눌가능 미개봉) 방탄 bts BT21 타타 얼굴 키링 인형,5000.0,2주 전,전국,판매 중,,,2,0
방탄소년단 지민 20cm 인형,10000.0,3주 전,전국,판매 중,,,2,1
방탄소년단 정국인형,18000.0,4주 전,대구광역시 북구 침산2동,판매 중,,,2,1
구합니다 bts남준 10cm인형 RM,9999.0,3주 전,전국,판매 중,,,2,1
BTS 정국인형 포켓쿠키 양도,12000.0,1달 전,전국,판매 중,,,2,1
방탄소년단 bts 인형 저렴하게 양도해요,11000.0,2달 전,전국,판매 중,,,2,0
BTS 제일복권 진 인형+아크릴 뱃지,15000.0,1달 전,전국,판매 중,,,2,1
방탄소년단 제이홉 인형 팔아요,17000.0,3주 전,부산광역시 기장군 일광면,판매 중,,,2,1
방탄소년단 bts bt21 플랫퍼 인형 키링 파우치 목걸이 지갑 그립톡,2500.0,3주 전,서울특별시 종로구 청운효자동,판매 중,,,2,0
찜퐁이 인형 방탄소년단 지민 아이돌 인형,22000.0,6일 전,경기도 용인시 기흥구 신갈동,판매 중,,,2,1
방탄소년단 전정국 인형 꾸키,20000.0,3주 전,전국,판매 중,,,2,1
아기슈비 슈가 인형 방탄소년단 윤기 bts 미개봉,10000.0,3주 전,인천광역시 부평구 부평1동,판매 중,,,2,1
BTS 방탄소년단 윤기 슈가 민트윤기 방탄인형 20CM 솜인형,40000.0,2달 전,전국,판매 중,,,2,1
방탄소년단 제이홉 인형 판매해요,17000.0,3주 전,부산광역시 기장군 일광면,판매 중,,,2,1
BTS인형인데 얼마인가요??,1000.0,1달 전,전국,판매 중,,,2,0
방탄소년단 남준 1977 맨투맨+바지세트 1977set 인형옷 20cm,30000.0,2주 전,전국,판매 중,,,2,0
민윤기 인형 슙피치 bts suga 방탄소년단,14000.0,2달 전,전국,판매 중,,,2,0
방탄소년단 인형 판매,15000.0,1달 전,전국,판매 중,,,2,0
방탄소년단 인형 판매,10000.0,1달 전,경기도 수원시 권선구 세류2동,판매 중,,,2,0
BTS슈가 해외직구인형,26000.0,1달 전,서울특별시 강남구 신사동,판매 중,,,2,1
반택포 방탄소년단 BTS 제이홉 베이홉 양도 정호석 인형,8000.0,4주 전,전국,판매 중,,,2,1
Bt21 bts 방탄 방탄소년단 쿠키 인형 슬리퍼,10000.0,2달 전,경기도 오산시 신장동,판매 중,,,2,0
말티꾸 정국 10cm 인형 방탄소년단 정뭉이,10000.0,3주 전,전국,판매 중,,,2,1
BTS 뷔인형 태뇽이,10000.0,1달 전,충청남도 천안시 동남구 청룡동,판매 중,,,2,1
방탄소년단 인형 BT21 판매합니다,30000.0,1달 전,전국,판매 중,,,2,0
방탄소년단 20cm 인형 잇진스페셜,14000.0,1달 전,서울특별시 영등포구 도림동,판매 중,,,2,1
가격내림) 방탄소년단 BTS 인형 솜깅,4000.0,1달 전,전국,판매 중,,,2,0
BTS 방탄 RM 남준 인형,10000.0,1달 전,인천광역시 남구 용현2동,판매 중,,,2,1
방탄소년단 인형 Bt21 쿠키 인형 키링,20000.0,1달 전,서울특별시 동작구 대방동,판매 중,,,2,0
방탄소년단 제이홉 인형 블루밍 희망,25000.0,1달 전,전국,판매 중,,,2,1
방탄소년단인형 뷔 방탄 태태야 인형 방탄인형 가격내림,23000.0,2달 전,전국,판매 중,,,2,1
치미 지민 시팅인형 굿즈 플랫퍼 키링 베게 타타 bts chimmy,9000.0,2달 전,전국,판매 중,,,2,1
방탄소년단 BT21 지민 치미 인형,8000.0,2달 전,강원도 춘천시 석사동,판매 중,,,2,1
<인형+접시>정국세트 타이니탄 제일복권 이치방쿠지 방탄소년단,45000.0,4주 전,서울특별시 중구 장충동,판매 중,,,2,1
방탄소년단 팝업스토어 뷔 인형,30000.0,2달 전,전국,판매 중,,,2,1
토뭉이 정국 인형 10cm 속성 아이돌 방탄소년단 굿즈 양도 뭉뭉이네,40000.0,3주 전,전국,판매 중,,,2,1
bts 지민 찜퐁이 인형,12000.0,3달 전,전국,판매 중,,,2,1
bts 지민 보보민 인형 양도,17000.0,3달 전,전국,판매 중,,,2,1
bts 인형 앨범 퍼즐 한번에 다 사시면 싸게 팔아요,50000.0,2달 전,충청북도 청주시 상당구 남일면,판매 중,,,2,0
방탄소년단 팝업스토어 태형 뷔 인형,10000.0,1달 전,전국,판매 중,,,2,1
방탄소년단 인형 몬잉빵 슙타르트 민윤기 10cm 20cm,7500.0,4주 전,전국,판매 중,,,2,0
방탄소년단 BT21 치미 여름 인형,13000.0,2달 전,전국,판매 중,,,2,0
방탄소년단 정국 비공굿 인형 양도해요,7000.0,2달 전,부산광역시 사상구 모라제3동,판매 중,,,2,1
방탄소년단 인형 솜뭉치 솜인형,10000.0,1달 전,전국,판매 중,,,2,0
방탄소년단 뷔 인형 브로돌 햇님이,25000.0,1달 전,전국,판매 중,,,2,1
BTS 방탄 뷔 태형 해외인형 후지태동생 원더태 새상품 20cm 15cm,30000.0,1달 전,전국,판매 중,,,2,1
방탄 bts bt21 비티이십일 치미 타타 키링 인형 미개봉 양도,4000.0,1달 전,전국,판매 중,,,2,0
방탄소년단지민인형찜퐁이판매,17000.0,2달 전,전국,판매 중,,,2,1
방탄소년단  김석진 인형 판매,15000.0,2달 전,전국,판매 중,,,2,1
방탄소년단 BT21 인형,10000.0,3달 전,전국,판매 중,,,2,0
방탄소년단 바비인형 피규어,55000.0,3달 전,전국,판매 중,,,2,0
방탄소년단 뷔 인형 태태베베,20000.0,2달 전,경기도 시흥시 대야동,판매 중,,,2,1
BT21 BTS 알제이 치미 시팅돌 허그미 쿠션 파우치 플랫퍼 백참 인형,10000.0,1달 전,서울특별시 은평구 역촌동,판매 중,,,2,0
방탄소년단 BT21 타타 인형,15000.0,2달 전,전국,판매 중,,,2,0
방탄소년단 정국인형,15000.0,2달 전,충청남도 아산시 온양5동,판매 중,,,2,1
bts 방탄소년단 15cm 인형옷 코야 koya 김남준,7000.0,3달 전,전국,판매 중,,,2,0
아이돌 방탄소년단 해외 인형 디어홉,23000.0,3달 전,전국,판매 중,,,2,0
방탄소년단 인형 양도합니다,10000.0,3달 전,서울특별시 노원구 상계10동,판매 중,,,2,0
방탄소년단 인형 판매합니다,10000.0,3달 전,서울특별시 양천구 목1동,판매 중,,,2,0
일본 BT21 엔젤베이비 인형 키링 치미 쿠키 슈키 BTS,30000.0,2달 전,전국,판매 중,,,2,0
방탄소년단 BTS 슈가 인형 팝니다,20000.0,5달 전,전국,판매 중,,,2,1
[BTS인형] 방탄소년단 V(김태형) 인형,10000.0,4달 전,전국,판매 중,,,2,0
방탄소년단 bt21 정국 쿠키 인형 새제품,10000.0,4달 전,인천광역시 계양구 계양2동,판매 중,,,2,1
BT21 정품 치미 스탠딩 인형(가격내림) _방탄소년단 방탄,15000.0,3달 전,전국,판매 중,,,2,0
BT21 정품 치미 스탠딩 인형(가격내림) _방탄소년단 방탄,15000.0,3달 전,서울특별시 서초구 방배4동,판매 중,,,2,0
방탄소년단 정국 20cm 인형 양도합니다,20000.0,3달 전,전국,판매 중,,,2,1
방탄소년단 인형 옷,4000.0,2달 전,서울특별시 강북구 수유제2동,판매 중,,,2,0
방탄소년단 제이홉 인형 팝니다.,10000.0,4달 전,부산광역시 부산진구 개금제2동,판매 중,,,2,1
방탄소년단 슈가 인형 민만만 양도,6000.0,2달 전,서울특별시 서초구 반포2동,판매 중,,,2,1
가격내림)방탄 bts 미개봉 일본 bt21 키링 인형,9000.0,2달 전,전국,판매 중,,,2,0
bt21 방탄소년단 정국 쿠키 인형,13000.0,4달 전,전국,판매 중,,,2,1
방탄소년단 BT21 스탠딩 인형 판매,8000.0,2달 전,전국,판매 중,,,2,0
방탄소년단 인형 양도 슈가 슙타르트 알엠 몬잉빵 판매 방탄 BTS,7000.0,4달 전,전국,판매 중,,,2,1
BTS 방탄소년단 슈가 해외인형,10000.0,4달 전,경상남도 김해시 장유3동,판매 중,,,2,1
방탄소년단 윤기 인형 팝니다. (옷 포함),15000.0,4달 전,부산광역시 부산진구 개금제2동,판매 중,,,2,0
[가격인하]방탄소년단 타이니탄 봉제인형 판매,7500.0,4달 전,전국,판매 중,,,2,0
방탄소년단 슈가 인형 캡짱이,10000.0,4달 전,전국,판매 중,,,2,1
방탄소년단 인형 베이홉,18000.0,2달 전,경기도 시흥시 정왕1동,판매 중,,,2,0
배포) BTS 방탄 BT21 알제이 베이비 파자마인형세트 드림오브베이비,20000.0,2달 전,부산광역시 동래구 온천제1동,판매 중,,,2,0
우떠 인형 쿠션 Wootteo Doll Cushion BTS,45000.0,2달 전,전국,판매 중,,,2,0
bts 랩 몬스터 인형(한정 초판),20000.0,4달 전,인천광역시 남동구 장수서창동,판매 중,,,2,0
김두두 15cm 인형 방탄소년단 방탄 뷔 김태형 속성 인형,35000.0,4달 전,전국,판매 중,,,2,1
방탄소년단 정국 막둥베베 몸체 20cm 인형,10000.0,2달 전,부산광역시 해운대구 반여제4동,판매 중,,,2,1
방탄소년단 인형 슙타르트 몬잉빵,20000.0,4달 전,전국,판매 중,,,2,0
BTS인형,8000.0,3달 전,전국,판매 중,,,2,0
BTS 방탄 타이니탄 인형 판매 Tinytan dolls ,26000.0,4달 전,경기도 시흥시 정왕4동,판매 중,,,2,0
방탄 뷔  bts 태형인형 밤방울태,28000.0,3달 전,전국,판매 중,,,2,1
방탄소년단 아이돌 인형 20cm,10000.0,3달 전,전국,판매 중,,,2,0
방탄소년단 치미 스탠딩 인형,8500.0,4달 전,전국,판매 중,,,2,0
방탄소년단 뷔 인형,20000.0,3달 전,전국,판매 중,,,2,1
배포) 방탄소년단 일본 JAPAN BT21 굿즈 인형 쇼파 겸 티슈케이스,30000.0,2달 전,부산광역시 동래구 온천제1동,판매 중,,,2,0
방탄소년단 박지민 인형 경단찜,20000.0,3달 전,전국,판매 중,,,2,1
애옹 인형 방탄소년단 bts 슈가 윤기 10cm 속성 인형 원가 양도,17600.0,4달 전,전국,판매 중,,,2,1
방탄소년단 팝업스토어 뷔 인형,20000.0,3달 전,전국,판매 중,,,2,1
방탄소년단 인형 팔아요!,8000.0,4달 전,전국,판매 중,,,2,0
방탄소년단 인형(상세정보 꼭꼭 확인!! 안보면 후회하지요),27000.0,2달 전,전국,판매 중,,,2,0
크리스마스BT21 방탄소년단 인형,12000.0,4달 전,서울특별시 관악구 신림동,판매 중,,,2,0
방탄소년단 10cm 인형 태뭉이,20000.0,4달 전,전국,판매 중,,,2,0
방탄소년단 일본 bt21 인형 코야,20000.0,3달 전,울산광역시 중구 반구1동,판매 중,,,2,0
방탄소년단 정국 인형 양도,10000.0,3달 전,전라남도 광양시 중마동,판매 중,,,2,1
방탄소년단 베베슙 슈가 20cm 인형 양도 판매,17000.0,3달 전,전국,판매 중,,,2,1
방탄소년단 슈가 민윤기 윤기 20cm 솜 인형 굿즈 슈팅스페셜 양도,20000.0,4달 전,전국,판매 중,,,2,1
투데이짐 인형 (방탄소년단 지민 인형),30000.0,3달 전,전국,판매 중,,,2,1
방탄소년단 타타 인형 양도합니다,10000.0,3달 전,전국,판매 중,,,2,0
방탄소년단 BT21 알제이 인형,7000.0,5달 전,경기도 광명시 철산4동,판매 중,,,2,0
bts지민- bt21 베이비 치미 인형,10000.0,3달 전,서울특별시 강동구 상일동,판매 중,,,2,1
방탄소년단 인형 솜깅이들 보냅니다 윤기 호석,20000.0,3달 전,전국,판매 중,,,2,0
방탄소년단 인형 남준 +인형 옷 팔아요,9000.0,3달 전,전국,판매 중,,,2,0
(미개봉) 방탄소년단 BT21 Rj 파자마인형 드림오브베이비,25000.0,3달 전,전국,판매 중,,,2,0
방탄소년단 슈가 윤기 인형 여슙,7000.0,3달 전,전국,판매 중,,,2,1
방탄소년단 정국 인형,12000.0,5달 전,전국,판매 중,,,2,1
방탄소년단 인형 양도,10013.0,5달 전,전국,판매 중,,,2,0
방탄소년단 bt21 인형 치미 rj,8000.0,3달 전,전국,판매 중,,,2,0
엔젤흥태(방탄소년단 태형 인형),20000.0,3달 전,경상남도 창원시 의창구 북면,판매 중,,,2,0
전정국 인형 BTS Jungkook,30000.0,3달 전,전국,판매 중,,,2,1
방탄소년단 정국 인형,15000.0,5달 전,전국,판매 중,,,2,1
방탄소년단 태형 V 마텔 인형 양도 판매,20000.0,3달 전,전국,판매 중,,,2,0
방탄소년단 BTS 제이홉 인형 판매합니다,12000.0,5달 전,전국,판매 중,,,2,1
가격내림) 방탄소년단 bt21 플랫퍼 인형 양도합니다,5000.0,3달 전,전국,판매 중,,,2,0
미개봉 방탄소년단 BT21 RJ 알제이 호랑이 스탠딩 인형,29000.0,5달 전,전국,판매 중,,,2,0
방탄소년단 방탄 bt21 코야 인형 판매,15000.0,5달 전,전국,판매 중,,,2,0
방탄소년단 BTS 태형 V 인형 태렌지,13000.0,5달 전,서울특별시 성북구 길음제1동,판매 중,,,2,0
bts 방탄 bt21 비티이일 쿠키 봉제인형+뱃지 양도,15000.0,4달 전,전국,판매 중,,,2,0
방탄소년단 정국 인형 꾹아리,15000.0,4달 전,경기도 구리시 수택3동,판매 중,,,2,1
"방탄소년단 인형 판매 양도 ( 슈팅스페셜, 꾸기스페셜, 정국인형 )",15000.0,4달 전,전국,판매 중,,,2,1
방탄소년단 Bts 솜인형 판매 애눌 가능,7000.0,7달 전,전국,판매 중,,,2,0
방탄 BTS  지민 인형 목베개 새상품,9000.0,4달 전,인천광역시 부평구 갈산2동,판매 중,,,2,1
몬스타엑스 인형 양도합니다,25000.0,2시간 전,전국,판매 중,,,3,0
몬스타엑스 몬엑 아이엠 비공굿 인형 꿍냥이,35000.0,11시간 전,대전광역시 중구 목동,판매 중,,,3,1
몬스타엑스 주헌 인형,30000.0,8달 전,경기도 성남시 중원구 상대원3동,판매 중,,,3,1
몬스타엑스 주헌 인형 꿀랭이,20000.0,9달 전,경기도 부천시 괴안동,판매 중,,,3,1
몬스타엑스 10cm 인형 말티댕 양도 반택포,21000.0,8달 전,부산광역시 연제구 거제제4동,판매 중,,,3,0
몬스타엑스 스트레스볼 기현 인형 햄쨩돌 양도 판매,22000.0,3주 전,전국,판매 중,,,3,1
몬스타엑스 10cm 인형 혁티쥬,25000.0,3주 전,서울특별시 마포구 대흥동,판매 중,,,3,0
몬스타엑스 셔누 인형 손꼼돌,1000.0,1달 전,전국,판매 중,,,3,1
몬스타엑스 주헌 인형 꿀랭이,30000.0,2달 전,전국,판매 중,,,3,1
몬스타엑스 인형 굿즈,50000.0,2달 전,경기도 안산시 단원구 백운동,판매 중,,,3,0
몬스타엑스 주헌 인형 쭈호랑,23000.0,2달 전,전국,판매 중,,,3,1
몬스타엑스 민혁 인형 셰퍼댕 고래가방 양도합니다,19000.0,2달 전,전국,판매 중,,,3,1
몬스타엑스 셔누 인형 손꼼돌,27000.0,1달 전,광주광역시 동구 학운동,판매 중,,,3,1
몬스타엑스 셔누 인형 칸쵸누누,50000.0,2달 전,서울특별시 성북구 삼선동,판매 중,,,3,1
몬스타엑스 민혁 인형 말티댕 양도합니다,17000.0,2달 전,전국,판매 중,,,3,1
몬스타엑스 아이엠 창균 인형 까꿍이 원가 양도,19800.0,3주 전,전국,판매 중,,,3,1
몬스타엑스 몬엑 형원 인형 채깨굴 양도,30000.0,3주 전,전국,판매 중,,,3,1
몬스타엑스 민혁 인형 미니 멍꼬 양도,25000.0,2달 전,전국,판매 중,,,3,1
몬스타엑스 주헌 인형 쭈허니 양도,23000.0,2달 전,전국,판매 중,,,3,1
몬스타엑스 기현 인형 여우켠 7cm,14000.0,3주 전,전국,판매 중,,,3,1
햄상이 햄슥이 미니 인형 (몬스타엑스 기현),25000.0,2달 전,서울특별시 동대문구 청량리동,판매 중,,,3,1
몬스타엑스 인형 채깨굴 양도,20000.0,2달 전,서울특별시 강남구 삼성2동,판매 중,,,3,0
꿀랭이 몬스타엑스 주헌 인형 원가 양도,20500.0,2달 전,전국,판매 중,,,3,1
몬스타엑스 이민혁 인형 말티댕,23000.0,2달 전,전국,판매 중,,,3,1
몬스타엑스 아이엠 인형 임꼬물(턱받이 포함),20000.0,2달 전,전국,판매 중,,,3,1
몬스타엑스 몬엑 공식 굿즈 몬지 인형 미개봉,6000.0,3주 전,전국,판매 중,,,3,0
몬스타엑스 기현 인형 여우켠(가방포함),25000.0,2달 전,전국,판매 중,,,3,1
아코스튜디오 몬스타엑스 기현 모델 인형 포카포함,10000.0,2달 전,경상북도 포항시 북구 장량동,판매 중,,,3,1
몬스타엑스 몬엑 기현 햄상이 햄슥이 미니인형 양도,18000.0,3주 전,전국,판매 중,,,3,1
몬스타엑스 민형 인형 말티댕(가방 포함),23000.0,2달 전,전국,판매 중,,,3,0
물개균 몬스타엑스 아이엠 임창균 인형 10cm,20000.0,2달 전,전국,판매 중,,,3,1
몬스타엑스 인형 민뭉이 민혁,20000.0,2달 전,전국,판매 중,,,3,1
몬스타엑스 유기현 햄켠이 10cm인형,15000.0,2달 전,부산광역시 해운대구 중제1동,판매 중,,,3,1
몬스타엑스 유기현 햄켠이 10cm인형,15000.0,2달 전,부산광역시 해운대구 중제1동,판매 중,,,3,1
몬스타엑스 창균 아이엠 인형 균짱이 2마리 폼양도,35500.0,1달 전,서울특별시 강남구 삼성2동,판매 중,,,3,1
햄슥이&햄상이 몬스타엑스 기현 MD 인형 키링 양도,60000.0,3달 전,전국,판매 중,,,3,1
몬스타엑스 몬엑 아이엠 인형 임묘묘 원가양도,15000.0,2달 전,전국,판매 중,,,3,1
몬스타엑스 인형 10cm 아이엠 훙냥이 양도,21600.0,3달 전,전국,판매 중,,,3,1
몬스타엑스 형원 인형 말랑채,20000.0,2달 전,전국,판매 중,,,3,1
몬스타엑스 인형 꿀랭이 여우켠 까꿍이 훙냥이,20000.0,1달 전,전국,판매 중,,,3,0
몬스타엑스 주헌 인형 지존랭이 양도,50000.0,2달 전,전국,판매 중,,,3,1
몬스타엑스 아이엠 창균 인형 깜애옹 배송지변경 원가양도,44000.0,2달 전,전국,판매 중,,,3,1
몬스타엑스 기현 유헤헤 인형 배송지 변경 양도,19500.0,2달 전,전국,판매 중,,,3,1
세븐틴 인형 멜로윤 양도 (현물),40000.0,22분 전,전국,판매 중,,,4,0
세븐틴인형 에스쿱스인형 쿱퍼스타 양도합니다!,16000.0,17시간 전,전국,판매 중,,,4,1
세븐틴 우지 10cm 인형 루비뾰냥이 양도(네고X),45000.0,15시간 전,전국,판매 중,,,4,1
[회] 세븐틴 원우 10cm 인형 전먼지 양도 받아요,1717.0,12시간 전,인천광역시 남동구 논현2동,판매 중,,,4,1
"세븐틴 조슈아 인형 비얌슈, 똥글슈 굿즈 양도합니다",70000.0,13시간 전,전국,판매 중,,,4,1
세븐틴 조슈아 인형 뇨랑이 브라운 사슴망토 원가 폼 양도 배송지 변경,30500.0,13시간 전,전국,판매 중,,,4,1
10cm인형옷 뜨개 우주복 10cm인형 뽀바투뉴솜즈아이브더보이즈세븐틴,8000.0,12시간 전,전국,판매 중,,,8,0
10cm인형옷 유치원 뜨개 10cm가방 뽀바투 뉴솜즈아이브더보이즈세븐틴,6000.0,12시간 전,전국,판매 중,,,8,0
네고가능) 세븐틴 우지 10cm 인형 가우리 양도합니다,23000.0,18시간 전,전국,판매 중,,,4,1
세븐틴인형 전원우 인형 그래옭 양도 깜애옭 노래옭 비럴피치옭 포카 호찌,30000.0,14시간 전,전국,판매 중,,,4,1
10cm 인형옷 뜨개 유치원세트 뽀바투 옷 판매 뉴솜즈아이브세븐틴더보이즈,10000.0,12시간 전,전국,판매 중,,,8,0
세븐틴 승관 슈아 인형 양도합니다,1000.0,18시간 전,전국,판매 중,,,4,1
세븐틴 정한 인형 깡쫑이 양도해요!,13000.0,3일 전,대구광역시 달성군 다사읍,판매 중,,,4,1
세븐틴 미개봉 10cm 호찌 인형 솜뭉치 호시,50000.0,3일 전,전국,판매 중,,,4,1
구함글 : 세븐틴 정한 인형 쫑티쥬,20000.0,3일 전,대전광역시 대덕구 대화동,판매 중,,,4,1
세븐틴 호시 인형 티거홋,17500.0,2일 전,전국,판매 중,,,4,1
세븐틴 호시 인형 뽀싱이 양도합니다 헤드셋 포함,24000.0,3일 전,전국,판매 중,,,4,1
[택포]세븐틴 호시 20cm 인형 순돌이,50000.0,3일 전,전국,판매 중,,,4,1
세븐틴 우지 인형 치어링 후니 20센티 20cm 인형양도,17000.0,3일 전,전국,판매 중,,,4,1
세븐틴 호시 10cm 인형 권햄이 양도합니다,21800.0,3일 전,전국,판매 중,,,4,1
겸미니 베비쭌 양도 세븐틴 인형,16000.0,7일 전,전국,판매 중,,,4,0
세븐틴 호시 인형,55000.0,5일 전,전국,판매 중,,,4,1
세븐틴 에스쿱스 인형 체리쿱 양도,27000.0,7일 전,경기도 안양시 동안구 갈산동,판매 중,,,4,1
세븐틴 조슈아 인형 비얌슈 양도합니다,15000.0,7일 전,전국,판매 중,,,4,1
세븐틴 인형 승관 랫뿌야 양도 (배송지변경),16000.0,2주 전,광주광역시 남구 효덕동,판매 중,,,4,1
[단순 보관] 세븐틴 인형 양도합니다 +엉엉순찌,16000.0,2주 전,전국,판매 중,,,4,0
미개봉 현물 솔표 양도합니다. 10cm 인형 버논 세븐틴 인형 팔아요,25000.0,1주 전,전국,판매 중,,,4,1
"세븐틴포카,인형 팔아요",5000.0,1달 전,전국,판매 중,,,4,0
세븐틴 버논 40cm 인형 킹보카도 양도,35000.0,1달 전,전국,판매 중,,,4,1
세븐틴 조슈아 8cm 인형 슈람지 미개봉 양도,29000.0,1달 전,전국,판매 중,,,4,1
세븐틴 조슈아 10cm 인형 크림슈 미개봉 양도,30000.0,1달 전,전국,판매 중,,,4,1
세븐틴 조슈아 인형 눕슈+떡메,23000.0,1달 전,경기도 광주시 경안동,판매 중,,,4,1
미개봉 현물 10cm 세븐틴 버논 인형 양도합니다 팔아요,25000.0,1달 전,전국,판매 중,,,4,1
세븐틴 10cm 조슈아 인형 눕슈 양도,15000.0,1달 전,전국,판매 중,,,4,1
세븐틴 에스쿱스 10cm 인형 쿱꾸리 양도,8800.0,1달 전,전국,판매 중,,,4,1
세븐틴 인형 양도 베이비뿌 순빵이,1000.0,1달 전,전국,판매 중,,,4,0
세븐틴 인형 판매합니다!(가격 사진에 나와있습니다),4500.0,1달 전,전국,판매 중,,,4,0
세븐틴 인형 겸도그 전애옹 양도,15000.0,1달 전,전라북도 완주군 이서면,판매 중,,,4,0
세븐틴 도겸 10cm 인형 겸도그 양도합니다,30000.0,1달 전,전국,판매 중,,,4,1
세븐틴 svt 도겸 10cm인형 겸도그 양도 판매,21000.0,7일 전,전국,판매 중,,,4,1
세븐틴 전원우 인형 전먼지 판매 합니다,25000.0,1달 전,경기도 부천시 중동,판매 중,,,4,1
뽀싱이 미개봉 원가 양도 / 호시 인형 세븐틴 스티커,20000.0,2달 전,강원도 원주시 행구동,판매 중,,,4,1
세븐틴 정한 인형 쫑모찌 돌쫑이 가방,1004.0,2달 전,전국,판매 중,,,4,1
세븐틴 정한 인형 왕코미 양도,36000.0,1달 전,전국,판매 중,,,4,1
세븐틴 인형 코코슈 양도,20000.0,3달 전,전국,판매 중,,,4,0
세븐틴 인형 고잉하트틴 하트졍,1004.0,4달 전,부산광역시 동래구 명장제1동,판매 중,,,4,0
너를 팔아 너를 사려는거야 스트레이키즈 인형 깜뿌 뽁삐 승댕이 리랑,1000.0,26분 전,전국,판매 중,,,5,0
킹름이 주름이 양도 스트레이키즈 리노 인형,25000.0,38분 전,전국,판매 중,,,5,1
스키즈 승민 인형 뜽뭉이 양도,20000.0,1시간 전,전국,판매 중,,,5,1
"스트레이키즈 인형 (뽁냥이, 한쨩, 리냥이, 하퉁, 하탱)",24800.0,1시간 전,전국,판매 중,,,5,1
스트레이키즈 스키즈 필릭스 인형 아뽁이 원가 양도합니다,18500.0,2시간 전,경기도 고양시 일산동구 백석1동,판매 중,,,5,1
스트레이키즈 필릭스 인형 뽁삐 아삐 풀세트 미개봉 양도,35000.0,1시간 전,전국,판매 중,,,5,1
스트레이키즈 리노 뽀리 인형 미개봉,30000.0,10시간 전,서울특별시 관악구 신림동,판매 중,,,5,1
스키즈 현진 인형 황듀 양도합니다 (10cm 인형 ),25000.0,9시간 전,서울특별시 노원구 월계2동,판매 중,,,5,1
스트레이키즈 인형 굿즈 급처,1000.0,10시간 전,전국,판매 중,,,5,0
스키즈 리노 10cm 인형 노랑이 양도,16000.0,7시간 전,전국,판매 중,,,5,1
"스트레이키즈 승민 스키주 인형 퍼핌 오리지널, 페이스 파우치",60000.0,10시간 전,전국,판매 중,,,5,1
스키즈 필릭스 이용복 인형 뽁삐 스키주 뽁아리 미니 양도,30000.0,11시간 전,부산광역시 부산진구 전포제2동,판매 중,,,5,1
미니 스키주 뽁아리인형 양도 합니다!(스트레이키즈 필릭스 이용복,32000.0,11시간 전,전국,판매 중,,,5,1
스트레이키즈 스키즈 김승민 인형 스키주 퍼핌,32000.0,9시간 전,전국,판매 중,,,5,1
현진 현제비 양도 스키즈 스트레이키즈 10cm 인형,43000.0,2일 전,전국,판매 중,,,5,1
스키즈 필릭스 10cm 인형 뽁삐 양도,46000.0,2일 전,전국,판매 중,,,5,1
스크레이키즈 스키즈 필릭스  뽁냥이 인형,29000.0,2일 전,전국,판매 중,,,5,1
스트레이키즈 인형 스키주 한쿼카 뽁아리 지니렛 미개봉 양도,40000.0,6일 전,전국,판매 중,,,5,1
스트레이키즈 리노 인형 뽀리 리냥이 킹름이,1025.0,6일 전,전국,판매 중,,,5,1
스트레이키즈 미개봉 오리지널 스키주 인형 straykids,50000.0,4주 전,전국,판매 중,,,5,0
스트레이키즈 승민 10cm 인형 승댕이 양도,27000.0,3주 전,전국,판매 중,,,5,1
스트레이키즈 스키주 리빗 하퉁이 하트뚱땡이 인형 양도,15000.0,2주 전,전국,판매 중,,,5,0
스키즈 하트뚱땡이 인형 양도,16000.0,3주 전,전국,판매 중,,,5,0
스트레이키즈 아찐 아뽁 인형 세트 원가양도,33000.0,3주 전,전국,판매 중,,,5,0
스키즈 승민 인형 깜깜땨 양도,18000.0,4주 전,전국,판매 중,,,5,1
빵망이 스트레이키즈 아이엔 인형,22000.0,4주 전,전국,판매 중,,,5,1
황쪽이 스키즈 황현진 인형,25000.0,1달 전,전국,판매 중,,,5,1
스트레이키즈 필릭스 뽁삐 아삐 7cm인형 턱받이 하트모자 새상품,30000.0,6일 전,경기도 용인시 처인구 동부동,판매 중,,,5,1
스키즈 아이엔 10cm 인형 양여우 양도,20000.0,3주 전,전국,판매 중,,,5,1
스트레이키즈 아이엔 10cm 인형 폭양이 양도합니다(비현물,25000.0,6일 전,전국,판매 중,,,5,1
스트레이키즈 스키즈 스키주 리빗 인형 페이스키링,1004.0,1달 전,전국,판매 중,,,5,0
스트레이키즈 스키즈 인형 하퉁 하탱 하트괴물 키링 맥시던트,25000.0,1달 전,전국,판매 중,,,5,0
스트레이키즈 승민 인형 승댕이 양도 받아요! 입양하고 싶습니다!!,1000.0,3주 전,전국,판매 중,,,5,1
스트레이키즈 필릭스 인형 깨복이 이용복 스키즈 straykids,35000.0,1달 전,전국,판매 중,,,5,1
스트레이키즈 스키주 뽁아리 인형,38000.0,3달 전,전국,판매 중,,,5,0
스키즈 리노 뽀리 인형 미개봉 양도 + 특전 포함,45000.0,2달 전,제주특별자치도 제주시 이도2동,판매 중,,,5,1
스키즈 승민 10cm 인형 댕모 양도해요,21000.0,1달 전,전국,판매 중,,,5,1
스트레이키즈 스키즈 리노 인형 리냥이 양도 b급 2차 리냥이,20000.0,2달 전,전국,판매 중,,,5,1
스키즈 인형 뽁냥이 폭양이 리깅이 방뭉치 황삐 서짱냥 댕모,25000.0,2달 전,전국,판매 중,,,5,0
밍먕이 스키즈 리노 인형 리냥이 리옹이 뽀리 현제비 뽁삐 뽁냥이 입없뽁,45000.0,2달 전,전국,판매 중,,,5,1
스트레이키즈 현진 인형 현둥 8cm인형 미개봉 새상품,30000.0,1달 전,경기도 용인시 처인구 동부동,판매 중,,,5,1
스키즈 아이엔 인형 양어린녀석 판매 양도 스트레이키즈 양정인 포카,25000.0,2달 전,전국,판매 중,,,5,1
스트레이키즈 스키주 쿠션 미니인형 양빵 양도 판매,55555.0,3달 전,경기도 광명시 소하1동,판매 중,,,5,0
누룽땨 깜깜땨 원가 양도 스키즈 인형,17500.0,1달 전,서울특별시 광진구 중곡제3동,판매 중,,,5,0
스키즈 스트레이키즈 스키주 미니 퍼핌 김승민 인형 양도,30000.0,1달 전,전국,판매 중,,,5,1
베리 양도 받아요 스키즈 리노 인형 스트레이키즈,24000.0,3달 전,인천광역시 남구 주안7동,판매 중,,,5,1
(가격내림) 스트레이키즈 리노 인형 리냥이 양도합니다,15000.0,1달 전,경기도 수원시 영통구 광교2동,판매 중,,,5,1
스트레이키즈 스키즈 인형 뽁냥이 입있뽁 양도,40000.0,3달 전,전국,판매 중,,,5,0
스키주 미니 인형 리빗 뽁아리 한쿼카 스트레이키즈 양도,40000.0,1달 전,전국,판매 중,,,5,1
스트레이키즈 승민 인형 스키주 오리지널 퍼핌 양도,37000.0,3달 전,경상남도 김해시 활천동,판매 중,,,5,1
스트레이키즈 스키즈 이용복 필릭스 인형 뽁냥이 파우치 양도,20000.0,3달 전,전국,판매 중,,,5,1
스트레이키즈 아이엔 미니 스키주 인형,20000.0,3달 전,경기도 고양시 덕양구 주교동,판매 중,,,5,1
반택포 스트레이키즈 스키즈 토리 이리노 이민호 인형 10cm 양도,28000.0,3달 전,전국,판매 중,,,5,1
스트레이키즈 스키주 '리빗' 오리지널 인형 (약 20cm),53000.0,3달 전,전국,판매 중,,,5,0
스트레이키즈 지니렛 돼끼 인형 키링 양도,20000.0,2달 전,경기도 평택시 비전2동,판매 중,,,5,0
스트레이키즈 뽁냥이 입있뽁 양예니 양도,47000.0,1주 전,전국,판매 중,,,5,0
스트레이키즈 폭시니 정품,30000.0,2달 전,인천광역시 서구 검단4동,판매 중,,,5,0
스키즈 스트레이키즈 쪼복이,18500.0,1달 전,전국,판매 중,,,5,0
스트레이키즈 스키즈 리노 인형 킹름이,25000.0,2주 전,서울특별시 성북구 삼선동,판매 중,,,5,1
정품인증O 스트레이키즈 리노 리빗 쿠션 인형 양도,37000.0,1주 전,전국,판매 중,,,5,1
스키즈 입없뽁 뽁냥이 필릭스 인형 양도 스트레이키즈 용복,20000.0,1주 전,전국,판매 중,,,5,1
스트레이키즈 스키주 인형 양도,30000.0,2주 전,전국,판매 중,,,5,0
스키즈 스트레이키즈 리노 인형 베리 양도,24000.0,2주 전,전국,판매 중,,,5,1
급처) 푸딩밍 양도합니다! 스트레이키즈 승민 스키즈 인형,19000.0,1주 전,서울특별시 강남구 개포2동,판매 중,,,5,1
스트레이키즈 스키즈 인형 스키주 미니 한쿼카 뽁아리,26000.0,2주 전,전국,판매 중,,,5,1
스키즈 리노 인형 뽀리 (특전 포함) 양도합니다,20000.0,1주 전,전국,판매 중,,,5,1
(원가 이하) 스트레이키즈 스키주 인형 돼끼,24000.0,2주 전,전국,판매 중,,,5,0
스트레이키즈 스키즈 스키주 미니 인형 지니렛,35000.0,2주 전,전국,판매 중,,,5,0
하뚱이 하탱이 스키즈인형 스키주 스트레이키즈 하트뚱땡이 인형,16000.0,1주 전,대구광역시 달서구 월성1동,판매 중,,,5,0
킹름이 인형 미개봉 스키즈 리노 skz leeknow,25000.0,1주 전,전국,판매 중,,,5,1
스트레이키즈 뽀리 인형,22000.0,3주 전,전국,판매 중,,,5,0
스트레이키즈 리노 인형 베리 스키즈,23000.0,3주 전,전국,판매 중,,,5,1
스트레이키즈 필릭스 용복 인형 뽁냥이 양도,21000.0,2주 전,전국,판매 중,,,5,1
stray kids 스트레이키즈 필릭스 깨깨즈 깨복이 10cm 인형,15000.0,1주 전,인천광역시 서구 연희동,판매 중,,,5,1
울복이 스트레이키즈 필릭스 인형,50000.0,2주 전,전국,판매 중,,,5,1
미니리빗 스키주 리노 인형 leebit 리냥이 leeknow 스트레이키즈,27000.0,1주 전,대구광역시 달서구 월성1동,판매 중,,,5,1
미개봉 스트레이키즈 리노 인형 스키주 미니 리빗 양도,28000.0,2주 전,전국,판매 중,,,5,1
킹름이 주르미 주름이 스키즈 리노 인형 양도 합니다,24000.0,1주 전,전국,판매 중,,,5,1
(미개봉) 황만두 / 스키즈 스트레이키즈 skz 현진 인형,20000.0,1달 전,부산광역시 중구 중앙동,판매 중,,,5,1
스키즈 스키주(SKZOO) 개봉 인형 판매합니다!!,25000.0,1달 전,전국,판매 중,,,5,0
스트레이키즈 필릭스 인형 뽁냥이 입없뽁 양도,25000.0,1달 전,전국,판매 중,,,5,1
스키즈 현진 인형 현뿌 양도합니다,35000.0,1달 전,전국,판매 중,,,5,1
양도 ) 스트레이키즈 리노 인형 킹름이 2차,1025.0,1달 전,전국,판매 중,,,5,1
스트레이키즈 스키즈 인형 하퉁 하탱 하트괴물 키링 맥시던트,76800.0,1달 전,전국,판매 중,,,5,0
스키즈 인형 황듀 판매 양도,24500.0,1달 전,전국,판매 중,,,5,0
스키즈 뽀리(리노) 10cm 인형팔아요,22000.0,1달 전,전국,판매 중,,,5,1
스트레이키즈 스키즈 승민 10cm 인형 승댕이 양도 판매,25000.0,1달 전,전국,판매 중,,,5,1
스트레이키즈 스키즈 리노 인형 미니 리빗 오리지널,30000.0,1달 전,전국,판매 중,,,5,1
스트레이키즈 인형 하퉁이 양도,16000.0,1달 전,전국,판매 중,,,5,0
스트레이키즈 리노 인형 양도 리깅이,19000.0,1달 전,전국,판매 중,,,5,1
스트레이키즈 승민 인형 깜깜땨 누룽땨 양도,17000.0,1달 전,전국,판매 중,,,5,1
스트레이키즈 스키즈 필릭스 10cm 인형 뽁삐 원가양도 합니다,24500.0,1달 전,경기도 고양시 일산동구 백석1동,판매 중,,,5,1
스트레이키즈 현진 인형 현뿌 미개봉 새상품 10cm 스키즈,40000.0,1달 전,전국,판매 중,,,5,1
뽁냥이 양도 스키즈 필릭스 인형,25000.0,1달 전,전국,판매 중,,,5,1
스트레이키즈 더싸게 푸딩노푸딩밍인형 세트 원가양도,36000.0,1달 전,전국,판매 중,,,5,0
스트레이키즈 스키즈 현진 10cm 인형 황쪽이,27500.0,1달 전,전국,판매 중,,,5,1
미니퍼핌 스키주 미개봉 택있음 승민 인형 스키즈 스트레이키즈,32000.0,1달 전,전국,판매 중,,,5,1
스트레이키즈 현진 10cm 인형 현뿌 양도,30000.0,1달 전,전국,판매 중,,,5,1
스키즈 필릭스 인형 뽁냥이,5000.0,1달 전,서울특별시 강동구 천호제2동,판매 중,,,5,1
스트레이키즈 인형 스키주 퍼핌,49000.0,1달 전,전국,판매 중,,,5,0
스키즈 리꼬 인형 양도해요,12000.0,1달 전,부산광역시 기장군 기장읍,판매 중,,,5,0
스트레이키즈 필릭스 미니 스키주 뽁아리 인형,25000.0,1달 전,전국,판매 중,,,5,1
스트레이키즈 더싸게 아랑리랑세트인형 양도,32000.0,1달 전,전국,판매 중,,,5,0
스트레이키즈 깨현 황현진 인형 판매,35000.0,1달 전,전국,판매 중,,,5,1
스트레이키즈 10cm 인형 킹름이 양도,25000.0,1달 전,전국,판매 중,,,5,0
스키즈 승민 인형 스키주 퍼핌 오리지널 20cm 양도,33000.0,1달 전,전국,판매 중,,,5,1
스키즈 리노 뽀리 인형,35000.0,1달 전,전국,판매 중,,,5,1
미개봉 스키주 돼끼 미니 인형 양도 공식 스키즈 서창빈,30000.0,1달 전,전국,판매 중,,,5,1
[급처] 스트레이키즈 스키즈 승민 인형 승댕이 팝니다,32000.0,1달 전,서울특별시 강남구 세곡동,판매 중,,,5,1
원가이하) 스트레이키즈 승민 인형 퐁댕,18000.0,1달 전,전국,판매 중,,,5,1
스키즈 럿쿵 현진 10cm 인형 양도합니다,21000.0,1달 전,전국,판매 중,,,5,1
스트레이키즈 스키즈 스키주 인형 리빗 오리지널,30000.0,1달 전,전국,판매 중,,,5,0
스트레이키즈 아이엔 인형 양예니 양도,34000.0,1달 전,전국,판매 중,,,5,1
스트레이키즈 스키즈 승민 인형 댕모 양도합니다,20000.0,1달 전,전국,판매 중,,,5,1
스트레이키즈 리노 인형 리깅이 양도합니다,19000.0,1주 전,경기도 성남시 중원구 은행2동,판매 중,,,5,1
스트레이키즈 승민인형 댕모양도,16000.0,1달 전,전국,판매 중,,,5,1
스키즈 인형 울복이 2차 양도,33000.0,1주 전,인천광역시 연수구 송도3동,판매 중,,,5,0
플러피현 양도 합니다! (스트레이키즈 현진 인형 10cm인형,25000.0,1달 전,전국,판매 중,,,5,1
스키즈 스키주 한쿼카 오리지널 인형,38000.0,2달 전,전국,판매 중,,,5,1
스트레이키즈 스키주 인형 울프찬 오리지널,40000.0,2주 전,전국,판매 중,,,5,0
스트레이키즈 스키즈 아이엔 인형 양어린녀석 왕어린녀석 양어린반죽,64500.0,1주 전,전국,판매 중,,,5,1
스키즈 인형  미니 스키주 SKZOO Stray Kids,1234.0,2달 전,전국,판매 중,,,5,0
울복이 2차 양도 스키즈 필릭스 인형 미개봉,33000.0,1주 전,전국,판매 중,,,5,1
스키즈 현진 인형 황듀 양도합니다!,20000.0,1달 전,충청남도 당진시 석문면,판매 중,,,5,1
(원가이하) 스트레이키즈 방찬 인형 베이비라차 벱찬 양도,35000.0,1달 전,전국,판매 중,,,5,1
스트레이키즈 - 창빈 - 돼끼. 스키주 인형,35000.0,2달 전,전국,판매 중,,,5,1
스키즈 양빵 인형 양도 판매,15000.0,2달 전,전국,판매 중,,,5,0
스트레이키즈 승민 손민수 포차코 인형 양도,16000.0,4주 전,전국,판매 중,,,5,1
현뿌 스키즈 10cm 인형 스트레이키즈 현진,30000.0,4주 전,전국,판매 중,,,5,1
엔시티 드림 인형 포켓잼,20000.0,2달 전,전국,판매 중,,,0,0
엔시티드림 런쥔 인형 꼼쥔 양도,32000.0,1달 전,전국,판매 중,,,0,1
엔시티드림127 마크 10cm 인형 애옹냥 양도,22000.0,2달 전,전국,판매 중,,,0,1
엔시티 드림 제노 인형 양도 이미미,23000.0,2달 전,대전광역시 서구 갈마1동,판매 중,,,0,1
엔시티드림 지성 인형 찌톨이 양도 10cm 인형 옷 의상,20000.0,2달 전,전국,판매 중,,,0,1
엔시티 드림 제노 인형 쩨노 팝니다,25000.0,2달 전,전국,판매 중,,,0,1
엔시티드림 재민 인형 째미니 양도,33000.0,1달 전,전국,판매 중,,,0,1
엔시티 드림 nct 제노 인형 이도도 판먀,22000.0,3달 전,광주광역시 북구 건국동,판매 중,,,0,1
엔시티 드림 지성 인형 퐑찌,18000.0,2달 전,인천광역시 중구 용유동,판매 중,,,0,1
꼼썬 해찬 엔시티드림 127 인형 꼼드림,35000.0,2달 전,전국,판매 중,,,0,1
엔시티드림 지성 인형 포켓찌 양도,16000.0,2달 전,전국,판매 중,,,0,1
엔시티드림 제노 인형 NN 미개봉 양도,25000.0,2달 전,전국,판매 중,,,0,1
엔시티드림 지성 인형 포켓찌 양도,20000.0,2달 전,충청남도 천안시 동남구 봉명동,판매 중,,,0,1
엔시티드림 제노 인형 베베쩬 원가양도 합니다,15000.0,2달 전,대전광역시 서구 둔산2동,판매 중,,,0,1
엔시티드림 10cm인형 꼼찌 지성 인형,7777.0,2달 전,전국,판매 중,,,0,1
엔시티드림 재민 인형 레몬잼 양도,33000.0,2달 전,경기도 용인시 수지구 죽전1동,판매 중,,,0,1
엔시티 드림 지성 인형 포켓찌 양도,20000.0,2달 전,경기도 화성시 병점2동,판매 중,,,0,1
엔시티 드림 런쥔 인형 번번런 10cm 꼼쥔 런먕이 인절미,37000.0,1달 전,전국,판매 중,,,0,1
엔시티드림 지성 인형 꼼찌 풀셋 양도합니다,38000.0,2달 전,전국,판매 중,,,0,1
엔시티 드림 지성 손민수 햄스터 인형,5000.0,2달 전,전국,판매 중,,,0,1
엔시티 드림 런쥔 인형 코딱쥔,19500.0,1달 전,전국,판매 중,,,0,1
nct 엔시티 미니칠드림 오미리즈 마크 인형 5cm 7cm 10cm,99999.0,2달 전,서울특별시 구로구 신도림동,판매 중,,,0,1
엔시티 드림 지성 10cm 인형 백찌,20000.0,1달 전,전국,판매 중,,,0,1
엔시티 엔시티127 엔시티드림 NCT 마크 맠 치타리 토깅볼 인형 왹져,1000.0,2달 전,전국,판매 중,,,1,1
현물)엔시티드림 런쥔 인형 런절미 제시,45000.0,2달 전,전국,판매 중,,,0,1
엔시티 드림 두부젠 양도 제노 인형,26000.0,2달 전,경기도 화성시 병점2동,판매 중,,,0,1
엔시티 드림 지성 인형 냠찌 양도 판매,18000.0,2달 전,경상남도 진주시 문산읍,판매 중,,,0,1
엔시티드림 런쥔인형 런절미 편택포,40000.0,2달 전,전국,판매 중,,,0,1
엔시티드림 nctdream 10cm 인형 고양이 모자 뜨개 옷 비니 캔디,8000.0,2달 전,경상남도 진주시 천전동,판매 중,,,0,0
모모토우러 천러 인형 엔시티 드림 NCT 양도 판매,20000.0,3달 전,전국,판매 중,,,0,1
엔시티 드림 제노 인형 젠몽이 양도(오늘만 가격내림),18000.0,2달 전,전국,판매 중,,,0,1
엔시티드림 지성 인형 양도 찌톨 포켓찌 포켓찌볼,2050.0,3달 전,전국,판매 중,,,0,1
엔시티드림 해찬 인형 쨘곰이 배송지 변경 양도해요,18500.0,1달 전,전국,판매 중,,,0,1
엔시티 드림 지성 인형 꼬질찌 판매 양도,25000.0,1달 전,전국,판매 중,,,0,1
엔시티드림 지성 인형 포켓찌 양도,17000.0,1달 전,전국,판매 중,,,0,1
엔시티드림 인형 지성인형 몽빵즈 몽찌 판매,18500.0,3달 전,부산광역시 금정구 서제2동,판매 중,,,0,1
엔시티 드림 127 해찬 10cm 인형 이곰도,29000.0,2달 전,전국,판매 중,,,0,1
레몬잼 비현물 양도 재민인형 엔시티드림 nct jaemin 피넛잼 콩알잼,35000.0,2달 전,전국,판매 중,,,0,1
꼼드림 인형 마꼼 양도합니다,39000.0,1주 전,전국,판매 중,,,0,0
지성 드리미드림 인형 양도,12000.0,2주 전,전국,판매 중,,,0,1
10cm 인형 옷 판매 양도 엔시티드림 베프에 10cm인형 옷,10000.0,2주 전,전국,판매 중,,,0,0
재민 포켓잼 인형 양도 nct dream,18000.0,2달 전,전국,판매 중,,,0,1
엔시티드림 지성 포켓찌 양도,22000.0,3달 전,전국,판매 중,,,0,1
방탄 윤기 인형 스위트슈키 10cm 옷,72000.0,1주 전,대전광역시 유성구 노은2동,판매 중,,,2,0
방탄 정국 10cm 인형 정뭉이 원가양도,15000.0,1주 전,경기도 용인시 처인구 중앙동,판매 중,,,2,1
방탄 bt21 인형,2500.0,1달 전,대전광역시 동구 산내동,판매 중,,,2,0
방탄 정국 10cm 인형 퐁뚜기 꾹뚜기 원가양도,16000.0,1주 전,경기도 용인시 처인구 중앙동,판매 중,,,2,1
bt21  방탄 인형 알제이 타타,10000.0,1달 전,전국,판매 중,,,2,0
BTS 뷔(김태형) 속성 납매태태(태뭉이 SP)+전용옷장,50000.0,3달 전,전국,판매 중,,,2,1
방탄 정국 인형 꾸꾸꾸 강아지,26000.0,3달 전,전국,판매 중,,,2,1
20cm아이스슈기 방탄소년단 방탄인형 btsdoll 솜인덕장터 양도 판매,30000.0,2일 전,전국,판매 중,,,2,0
방탄 제이홉 인형,10000.0,4달 전,전국,판매 중,,,2,1
아기침침 인형 방탄 지민 인형,30000.0,3달 전,경기도 안성시 안성1동,판매 중,,,2,1
방탄 뷔 인형 아가태 판매,15000.0,4달 전,전국,판매 중,,,2,1
미개봉 방탄인형 짜근몬 양도,16000.0,21시간 전,전국,판매 중,,,2,0
방탄 지민 인형 찜냥이 판매,10000.0,4달 전,전국,판매 중,,,2,1
BTS 타이니탄 제일복권 판매합니다.,20000.0,4달 전,대전광역시 서구 탄방동,판매 중,,,2,0
방탄 뷔 인형 아꼬 아차산꼬질이,30000.0,4달 전,전국,판매 중,,,2,1
방탄 제이홉 정호석 팝업 인형,25000.0,4달 전,전국,판매 중,,,2,1
bt21 방탄 슈가 슈키 플러피 인형,5000.0,4달 전,전국,판매 중,,,2,1
방탄인형 희망스페셜 양도,23000.0,21시간 전,서울특별시 강서구 염창동,판매 중,,,2,0
방탄인형 양도합니다 슈가 알엠,10000.0,13시간 전,전국,판매 중,,,2,1
랩모니 풀셋 방탄인형 방탄소년단 20cm,18000.0,2일 전,전국,판매 중,,,2,0
급처 bt21방탄 쿠키 인형,10000.0,4달 전,전국,판매 중,,,2,0
방탄 지민 인형 찜덕 / 남준 인형 데일리몬,5000.0,3달 전,전국,판매 중,,,2,1
방탄 인형 아기침침 양도,20000.0,4일 전,전국,판매 중,,,2,0
방탄 인형 아기램몬 양도,22000.0,4일 전,전국,판매 중,,,2,0
방탄 BT21 모니터 인형,40000.0,6달 전,서울특별시 서초구 서초3동,판매 중,,,2,0
방탄인형 베베슙 슈가 인형,11000.0,5달 전,전국,판매 중,,,2,1
방탄 정국 10cm 인형 꾸꾸꾸 토기인형 양도 미개봉,18000.0,3일 전,전국,판매 중,,,2,1
방탄인형 모찌토끼 양도,5000.0,4일 전,경기도 고양시 일산서구 일산1동,판매 중,,,2,0
RM 방탄인형 램몬인형 판매,20000.0,2일 전,전국,판매 중,,,2,1
방탄인형 태태스페셜,9000.0,4일 전,전국,판매 중,,,2,0
햄찌니 석진 방탄 인형 양도해요,25000.0,4일 전,전국,판매 중,,,2,1
방탄 해외인형 우유만두 양도,20000.0,4일 전,전국,판매 중,,,2,0
방탄 bt21 치미인형 팔아요,8000.0,4일 전,전국,판매 중,,,2,0
"방탄 알엠 인형 바다준, 램모니",10000.0,5달 전,전국,판매 중,,,2,0
20cm 방탄인형 베이찐 양도,17000.0,4일 전,경기도 고양시 일산서구 일산1동,판매 중,,,2,0
방탄 인형 bt21 치미,5000.0,5일 전,대전광역시 대덕구 비래동,판매 중,,,2,0
BT21 방탄 치미 인형 맥도날드 방탄 포카,20000.0,4일 전,서울특별시 성북구 길음제1동,판매 중,,,2,0
모니스페셜 침침스페셜 양도 방탄인형,15000.0,2일 전,대구광역시 달서구 월성1동,판매 중,,,2,0
방탄 정국 인형 막둥베베,9000.0,6달 전,전국,판매 중,,,2,1
[급처] 방탄 태형 인형 양도해요,15000.0,5일 전,울산광역시 동구 방어동,판매 중,,,2,0
방탄인형 태쁘 양도,16000.0,6일 전,경기도 고양시 일산서구 일산1동,판매 중,,,2,0
방탄 BT21 인형/키링/피규어 양도,4000.0,4일 전,전국,판매 중,,,2,0
방탄 정국 인형 막둥베베 양도,35000.0,3일 전,전국,판매 중,,,2,1
방탄 BT21 타이니탄 호랑이 COOKY인형 양도,24000.0,2일 전,전국,판매 중,,,2,0
방탄 뷔 태형 BT21 타타 인형 마그넷,5000.0,3일 전,전국,판매 중,,,2,1
방탄 슈가 민윤기 15cm 해외솜인형 양도,15000.0,5일 전,전국,판매 중,,,2,1
방탄 해외인형 콩알즈 노란콩 양도,13000.0,1주 전,전국,판매 중,,,2,0
방탄 bt21 인형 반 van,20000.0,1주 전,전국,판매 중,,,2,0
방탄 bt21 정국 쿠키인형,20000.0,1주 전,전국,판매 중,,,2,1
방탄소년단 민윤기 대취티 원가 양도 받아요,20000.0,2주 전,전국,판매 중,,,2,0
방탄 진 인형,8000.0,1달 전,전국,판매 중,,,2,1
몬잉빵 방탄 남준 인형,20000.0,3주 전,전국,판매 중,,,2,0
급처)방탄 인형 지민 부랑침침,8000.0,1주 전,전국,판매 중,,,2,1
방탄 rm 봄날 인형,35000.0,8달 전,전국,판매 중,,,2,0
방탄 정국인형 꾸꾸꾸 강아지,27000.0,2주 전,전국,판매 중,,,2,1
방탄 슈가 윤기 인형 20cm 양도 포카 ㅅㅊㅇ,15000.0,1주 전,전국,판매 중,,,2,1
방탄 인형 소년꾸기 소년태태 선입금 구성,35000.0,1주 전,전국,판매 중,,,2,0
방탄 슈가 인형,35000.0,10달 전,세종특별자치시  보람동,판매 중,,,2,1
윙즈태 인형 방탄,20000.0,2달 전,전국,판매 중,,,2,0
급처) 방탄 정국 인형 양도,25000.0,2달 전,전국,판매 중,,,2,1
방탄인형,80000.0,2달 전,전국,판매 중,,,2,0
방탄 지민 인형,4000.0,2달 전,전국,판매 중,,,2,1
방탄 정국 bt21 트윙클 백참 인형,8000.0,2주 전,전국,판매 중,,,2,1
방탄인형 양도 삼색짐냥이 첫눈태,23000.0,1달 전,전국,판매 중,,,2,0
방탄 지민 인형,23000.0,4달 전,전국,판매 중,,,2,1
꾹뚜기 판매 방탄소년단 정국 아이돌 10cm 아이돌 인형 판매 미개봉,35000.0,4주 전,서울특별시 노원구 중계2.3동,판매 중,,,2,1
방탄소년단 정국 10cm 인형 토뭉이 정뭉이 뭉뭉이네,30000.0,1달 전,전국,판매 중,,,2,1
정뭉이 풀세트 양도해요! 방탄소년단 정국 인형,9797.0,1달 전,전국,판매 중,,,2,1
방탄소년단 지민 솜인형 찜냥이 양도,3000.0,1달 전,전국,판매 중,,,2,1
"방탄소년단 마텔인형,바비인형<jimin(지민)>",10000.0,1달 전,전국,판매 중,,,2,1
방탄소년단 정국 10cm 인형 정뭉이 양도합니다,30000.0,1달 전,전국,판매 중,,,2,1
방탄소년단 20cm 인형 반짝태,5000.0,1달 전,전국,판매 중,,,2,0
방탄소년단 BTS 뷔 김태형 인형,10000.0,3달 전,울산광역시 북구 농소1동,판매 중,,,2,1
방탄소년단 슈가 10cm 인형 랑슈 양도,16000.0,1달 전,전국,판매 중,,,2,1
"방탄소년단 마텔인형,바비인형<jung kook(정국)>",10000.0,1달 전,전국,판매 중,,,2,1
방탄소년단 BTS 석진 JIN 우떠 인형 양도합니다,43000.0,1달 전,전국,판매 중,,,2,1
BT21 BTS RJ KOYA 파자마 인형 세트 미개봉 팔아요,25000.0,1달 전,전국,판매 중,,,2,0
방탄소년단 민윤기 슈가 인형 랑슈,30909.0,1달 전,전국,판매 중,,,2,1
미개봉)방탄소년단 정국 10cm인형 퐁뚜기,1970.0,1달 전,서울특별시 구로구 구로제4동,판매 중,,,2,1
방탄소년단 뷔 김태형 인형,18000.0,2달 전,경기도 화성시 동탄1동,판매 중,,,2,1
방탄소년단 정국 인형 꾸꾸꾸,20000.0,1달 전,전국,판매 중,,,2,1
막둥베베 2 방탄소년단 정국 인형 bts,25000.0,3달 전,인천광역시 부평구 부평1동,판매 중,,,2,1
방탄소년단 코야 인형 키링 KOYA RM 알엠 남준,6000.0,2달 전,전국,판매 중,,,2,1
방탄소년단 bt21 알제이 플랫퍼 인형 키링,9000.0,2달 전,전라북도 익산시 신동,판매 중,,,2,0
(미개봉) 방탄 BTS 정국 10cm 인형 정뭉이,20000.0,1달 전,전국,판매 중,,,2,1
방탄소년단 슈가 인형 슈퐁이 판매합니다,14000.0,2달 전,전국,판매 중,,,2,1
BT21 타타 방탄소년단 뷔 플랫퍼 인형 (새상품),10000.0,2달 전,전국,판매 중,,,2,1
방탄소년단 정국 인형 정뭉이 양도,28000.0,1달 전,전국,판매 중,,,2,1
꾸키 방탄소년단 정국 10cm인형의 작은 토끼 쿠키,35000.0,2달 전,전국,판매 중,,,2,1
방탄소년단 정국 태형 인형 토뭉이 태뭉이 양도,17000.0,1달 전,서울특별시 동작구 사당제4동,판매 중,,,2,1
방탄소년단 bt21 베이비 플랫퍼 인형 키링 백참,35000.0,2달 전,전국,판매 중,,,2,0
방탄소년단 20cm 인형 희망스페셜,17000.0,3달 전,서울특별시 영등포구 도림동,판매 중,,,2,0
(급처)10cm 인형 양도(쿠키) 방탄소년단,11000.0,2달 전,전국,판매 중,,,2,0
방탄 정국 인형 딸꾹이 양도,16000.0,3주 전,전국,판매 중,,,2,1
방탄 제이홉 인형 정얌얌 원가 양도,20000.0,1달 전,서울특별시 강동구 성내제3동,판매 중,,,2,1
세븐틴 호시 인형 호찌+우주복 양도합니다 seventeen,42000.0,1주 전,전국,판매 중,,,4,1
세븐틴 10cm 인형 승관 귤 부베어,28500.0,4일 전,전국,판매 중,,,4,1
세븐틴 인형 시나몬슈아 양도합니다,26000.0,4일 전,전국,판매 중,,,4,0
세븐틴 호시 5cm? 인형 마불냥 양도,16000.0,4일 전,전국,판매 중,,,4,1
세븐틴 버논 인형 솔표 양도,20000.0,7일 전,전국,판매 중,,,4,1
세븐틴 원우 인형 전먼지 (검정색) 양도해요,33000.0,4일 전,전국,판매 중,,,4,1
세븐틴 10cm 인형 랜뽑 호찌 겸도그 밍푸 뾰냥이,2000.0,4일 전,전국,판매 중,,,4,0
"눕슈, 눕쫑, 세븐틴 10cm 인형",22000.0,7일 전,전국,판매 중,,,4,0
세븐틴 호시 10cm 인형 순랑이 미개봉 원가양도,18000.0,4일 전,전국,판매 중,,,4,1
세븐틴 버논 10cm 인형 솔표 양도,21000.0,7일 전,전국,판매 중,,,4,1
세븐틴) 전먼지 양도 전원우 인형(급처),35000.0,7일 전,전국,판매 중,,,4,1
세븐틴 호시 인형 흥쑤뇨 세트 가방포함 양도,24000.0,7일 전,서울특별시 관악구 조원동,판매 중,,,4,1
호찌 세븐틴 호시 인형,35000.0,1주 전,광주광역시 남구 월산동,판매 중,,,4,1
세븐틴 인형 양도,25000.0,3주 전,전국,판매 중,,,4,0
세븐틴 정한 인형 눕쫑이 양도,25000.0,2주 전,전국,판매 중,,,4,1
눕슈 세븐틴 조슈아 인형 양도,18000.0,2주 전,서울특별시 도봉구 방학제1동,판매 중,,,4,1
세븐틴 에스쿱스 체리쿱 인형 판매,28000.0,2주 전,인천광역시 남동구 장수서창동,판매 중,,,4,1
세븐틴 에스쿱스 인형 롭따뚜 구합니다,25000.0,1주 전,부산광역시 부산진구 개금제3동,판매 중,,,4,1
세븐틴 호시 인형 뽀싱이,12500.0,2주 전,전국,판매 중,,,4,1
세븐틴 호시 10cm 인형 뽀싱이 미개봉 원가양도,17800.0,1주 전,전국,판매 중,,,4,1
세븐틴 원우 인형 전냐옹,20000.0,2주 전,전국,판매 중,,,4,1
세븐틴 디에잇 10cm 인형 잇묭즈 잇뇽이 양도 판매,18000.0,1주 전,전국,판매 중,,,4,1
세븐틴 정한 쫑코미 탄람지 인형 양도,15000.0,1주 전,전국,판매 중,,,4,1
세븐틴 디에잇 10cm 인형 양도,16000.0,2주 전,전국,판매 중,,,4,1
세븐틴 승관 인형 부베어 소다 장모 양도,20000.0,2주 전,전국,판매 중,,,4,1
세븐틴 인형 호찌,25000.0,3주 전,전국,판매 중,,,4,0
세븐틴 도겸 이석민 겸도그 인형 양도,40000.0,2주 전,경기도 안산시 단원구 신길동,판매 중,,,4,1
세븐틴 버논 인형 버보카도 판매 양도,25000.0,2주 전,전국,판매 중,,,4,1
세븐틴 에스쿱스 인형 롭따뚜,28000.0,2주 전,전국,판매 중,,,4,1
원가 이하 양도) 탄람지 세븐틴 정한 10cm 인형,22000.0,1주 전,전국,판매 중,,,4,1
세븐틴 쫑코미 정한 인형,23000.0,2주 전,경기도 동두천시 생연2동,판매 중,,,4,1
세븐틴 인형 절미슈 크림쫑,25000.0,3주 전,전국,판매 중,,,4,0
세븐틴 호시 권순영 인형 호찌 양도합니다,33000.0,3주 전,서울특별시 강남구 세곡동,판매 중,,,4,1
세븐틴 조슈아 10cm 인형,15000.0,3주 전,전국,판매 중,,,4,1
10cm 세븐틴 호시 인형 양도,20000.0,1달 전,전국,판매 중,,,4,1
세븐틴 원우 10cm 인형 행원냥 원가 양도 분철 비더썬 디코 디비디,17800.0,1주 전,전국,판매 중,,,4,1
세븐틴 호시 인형 호찌,40000.0,1달 전,전국,판매 중,,,4,1
세븐틴 호시 인형 호찌 양도,55000.0,1달 전,전국,판매 중,,,4,1
호찌 현물 개봉 양도 권순영10cm인형세븐틴fml포토카드,38000.0,3주 전,전국,판매 중,,,4,0
급처!!) 세븐틴 조슈아 인형 백슈 양도합니다!,20000.0,3주 전,전국,판매 중,,,4,1
급처!!) 세븐틴 조슈아 인형 웃뇨랑 양도합니다!,30000.0,3주 전,전국,판매 중,,,4,1
세븐틴 인형 양도 -> 눕쫑이,19000.0,1달 전,전국,판매 중,,,4,0
세븐틴 인형 승꽥이 양도,30000.0,1달 전,전국,판매 중,,,4,0
세븐틴 에스쿱스 인형 쿱굴굴 양도,20500.0,1달 전,전국,판매 중,,,4,1
세븐틴 호시 인형 호찌,35000.0,1달 전,전국,판매 중,,,4,1
세븐틴 조슈아 인형 뇨랑이 양도합니다,19000.0,4주 전,전국,판매 중,,,4,1
세븐틴 원우 인형 깜애옭 그래옭 풀특전 양도합니다,32100.0,3주 전,전국,판매 중,,,4,1
세븐틴 에스쿱스 인형 라쿱,20000.0,1달 전,전국,판매 중,,,4,1
세븐틴 호시 권순영 인형 순돌이 양도,20000.0,1달 전,전국,판매 중,,,4,1
세븐틴 정한 10cm 인형 탄람지 토끼모자 양도 판매,26500.0,3주 전,전국,판매 중,,,4,1
세븐틴 정한 8cm 인형 쫑람지 탄람지 도토리침낭,55000.0,3주 전,전국,판매 중,,,4,1
세븐틴 호시 인형 순도리 20cm,13000.0,1달 전,전국,판매 중,,,4,1
세븐틴 민규 인형 포밍이,25000.0,1달 전,제주특별자치도 제주시 용담2동,판매 중,,,4,1
세븐틴 우지 인형 뾰냥이 양도합니다,25000.0,1달 전,전국,판매 중,,,4,1
세븐틴 승관 인형 판매합니다,19000.0,1달 전,부산광역시 수영구 남천제1동,판매 중,,,4,1
세븐틴 호시 호랑이 인형,1000.0,1달 전,전국,판매 중,,,4,1
세븐틴 원우 10cm 인형 전복이 양도,20000.0,1달 전,서울특별시 강남구 삼성2동,판매 중,,,4,1
세븐틴 조슈아 지지도도 10cm 인형,35000.0,1달 전,전국,판매 중,,,4,1
세븐틴 원우 8cm 인형 전먼지 양도합니다,32000.0,1달 전,전국,판매 중,,,4,1
세븐틴 정한 10cm 인형 깡쫑이 양도,16500.0,1달 전,전국,판매 중,,,4,1
(급처)세븐틴 준 인형양도,25000.0,1달 전,광주광역시 동구 학운동,판매 중,,,4,1
호찌 양도 호찌 인형 세븐틴 호시 10cm 인형,50000.0,1달 전,전국,판매 중,,,4,1
세븐틴 인형 미개봉  눕슈 (조슈아 인형) 양도,22000.0,1달 전,전국,판매 중,,,4,1
세븐틴 정한 뿌들레 인형 원가 양도,18000.0,1달 전,전국,판매 중,,,4,1
세븐틴 호시 인형 호찌,39000.0,1달 전,경기도 파주시 금촌1동,판매 중,,,4,1
세븐틴 도겸 인형 솜코코 양도,35000.0,1달 전,전국,판매 중,,,4,1
세븐틴 버논 인형 고잉하트틴 하트솔 양도합니다,20000.0,1달 전,전국,판매 중,,,4,1
세븐틴 버논 10cm 인형 버냥이 미개봉 양도,16800.0,1달 전,전국,판매 중,,,4,1
쿱꾸리 세븐틴 에스쿱스 10cm 인형,30000.0,1달 전,전국,판매 중,,,4,1
세븐틴 승관 인형 귤랑볼 양도합니다,15000.0,1달 전,전국,판매 중,,,4,1
세븐틴 승관 인형 뿌들레,18500.0,1달 전,전국,판매 중,,,4,1
세븐틴 호시 인형 미개봉 호딩이 양도 합니다!,17000.0,1달 전,전국,판매 중,,,4,1
세븐틴 에스쿱스 10cm 인형 베이비쿱,20000.0,1달 전,전국,판매 중,,,4,1
세븐틴 승관 인형 심연라봉 뿌라봉 양도,24000.0,1달 전,전국,판매 중,,,4,1
세븐틴 버논 10cm 인형 버보카도,10000.0,1달 전,전국,판매 중,,,4,1
세븐틴 에스쿱스 10cm 인형 하트쿱 양도,20000.0,1달 전,전국,판매 중,,,4,1
세븐틴 정한 10cm 인형 쫑모찌 양도,30000.0,1달 전,전국,판매 중,,,4,1
[미개봉] 세븐틴 원우 10cm 인형 깜애옭 비니 set 양도,32000.0,1달 전,전국,판매 중,,,4,1
세븐틴 인형 부승관 뿌하르방,17000.0,1달 전,전국,판매 중,,,4,1
세븐틴 전원우 10cm 인형 깜애옭 비니 세트 양도,30000.0,1달 전,경기도 고양시 일산서구 탄현동,판매 중,,,4,1
세븐틴 정한 인형 밀크쫑 현물 양도,22000.0,1달 전,전국,판매 중,,,4,1
세븐틴 민규 10cm 인형 포밍이 양도,25000.0,1달 전,전라남도 광양시 중마동,판매 중,,,4,1
세븐틴 뭉차니 디노인형 원가양도,18000.0,1달 전,서울특별시 성북구 정릉제1동,판매 중,,,4,1
멜로윤 세븐틴 정한 10cm 솜인형,70000.0,4주 전,경기도 성남시 중원구 도촌동,판매 중,,,4,1
세븐틴 에스쿱스 인형 승구리 양도,25000.0,1달 전,전국,판매 중,,,4,1
쪼구밍 양도 svt 세븐틴 민규 인형 10cm,30000.0,1달 전,서울특별시 노원구 공릉2동,판매 중,,,4,1
(미개봉) 러버블쿱 20cm 양도 에스쿱스 세븐틴 인형 원가양도,43000.0,1달 전,서울특별시 동작구 신대방제2동,판매 중,,,4,1
세븐틴 디노인형 찬달,14000.0,1달 전,서울특별시 성북구 정릉제1동,판매 중,,,4,1
세븐틴 조슈아 인형 백슈 양도,16000.0,1달 전,전국,판매 중,,,4,1
세븐틴 정한 인형 눕쫑이+돌쫑이 판매/양도 합니다,23000.0,1달 전,전국,판매 중,,,4,1
세븐틴 인형 조슈아 크림슈 크림슈다 양도,20000.0,1달 전,전국,판매 중,,,4,1
세븐틴 조슈아 인형 선입금 모닝슈+기타 양도,30000.0,1달 전,전국,판매 중,,,4,1
세븐틴 인형 돌쫑이 팝니다,6000.0,1달 전,전국,판매 중,,,4,0
세븐틴 승관 10cm 인형 뿌둥이 양도,20000.0,1달 전,서울특별시 강남구 삼성2동,판매 중,,,4,1
세븐틴 디노 인형 보름찬,8000.0,1달 전,전국,판매 중,,,4,1
세븐틴 10cm 인형 쫑모찌 절미슈 판매,24000.0,1달 전,전국,판매 중,,,4,0
세븐틴 정한 인형 하트쫑 미개봉 원가양도,17000.0,1달 전,전국,판매 중,,,4,1
세븐틴 도겸 인형 겸도그 양도 선입급 특전 키링 포함,30000.0,1달 전,전국,판매 중,,,4,1
세븐틴 원우 인형 전깜냥 양도해요,20000.0,1달 전,전국,판매 중,,,4,1
세븐틴 도겸 인형 (옷 포함),23000.0,1달 전,전국,판매 중,,,4,1
반택포)세븐틴 부승관 속성 고잉하트틴 하트뿌 10cm 솜인형 양도,20000.0,4주 전,전국,판매 중,,,4,1
세븐틴 디노인형 달차니,12000.0,1달 전,서울특별시 성북구 정릉제1동,판매 중,,,4,1
세븐틴 조슈아 인형 슈아삐(원가),21000.0,1달 전,전국,판매 중,,,4,1
세븐틴 호시 인형 호찌,35000.0,1달 전,전국,판매 중,,,4,1
세븐틴 조슈아 인형 크림슈,28000.0,1달 전,전국,판매 중,,,4,1
세븐틴 에스쿱스 인형,20000.0,1달 전,전국,판매 중,,,4,1
세븐틴 인형 도겸 겸도그+피자가방 폼 양도,22500.0,1달 전,전국,판매 중,,,4,1
세븐틴 조슈아 인형,30000.0,1달 전,광주광역시 광산구 수완동,판매 중,,,4,1
세븐틴 정한 인형 탄람지,20000.0,1달 전,전국,판매 중,,,4,1
세븐틴 조슈아 10cm 인형 모닝슈,24500.0,1달 전,전국,판매 중,,,4,1
! 원가 이하 ! 세븐틴 호시 10cm 인형,18000.0,1달 전,전국,판매 중,,,4,1
세븐틴 호시 순랑이 인형 판매,18000.0,1달 전,강원도 춘천시 후평3동,판매 중,,,4,1
권어흥 세븐틴 호시 인형 원가 이하,16000.0,1달 전,전국,판매 중,,,4,1
! 원가 이하 ! 세븐틴 디에잇 10cm 인형,15000.0,1달 전,전국,판매 중,,,4,1
세븐틴 정한 10cm인형 쫑토끼 원가양도,16000.0,1달 전,서울특별시 강동구 성내제3동,판매 중,,,4,1
"세븐틴 인형 뇨랑이, 포밍이 양도합니다",25000.0,1달 전,제주특별자치도 제주시 용담2동,판매 중,,,4,0
세븐틴 정한 10cm 인형 탄람지 양도 현물,24000.0,1달 전,전국,판매 중,,,4,1
"세븐틴 승관 10cm인형 부베어, 뿌라봉, 귤랑볼 양도",30000.0,1달 전,전국,판매 중,,,4,1
세븐틴 에스쿱스 인형,1717.0,1달 전,전국,판매 중,,,4,1
세븐틴 조슈아 10cm 인형 모닝슈,16500.0,1달 전,전국,판매 중,,,4,1
세븐틴 버논 10cm 인형 버냥이,15000.0,1달 전,전국,판매 중,,,4,1
세븐틴 버논 10cm 인형 버보카도,27000.0,1달 전,전국,판매 중,,,4,1
세븐틴 원우 20cm 인형 불가리원,45000.0,1달 전,전국,판매 중,,,4,1
세븐틴 민규 10cm 인형-쪼꾸밍 양도,25000.0,1달 전,전국,판매 중,,,4,1
세븐틴 버논 10cm 인형 버곰이,14000.0,1달 전,전국,판매 중,,,4,1
세븐틴 디노 인형 강아띠 양도,17500.0,1달 전,전국,판매 중,,,4,1
세븐틴 정한 10cm 인형 쫑코미 양도 합니다!,20000.0,1달 전,전국,판매 중,,,4,1
세븐틴 민규 인형 밍푸 판매,30000.0,1달 전,경기도 성남시 분당구 삼평동,판매 중,,,4,1
(급처)세븐틴 원우인형 전먼지 양도,22000.0,1달 전,광주광역시 동구 학운동,판매 중,,,4,1
세븐틴 10cm 인형 호찌 ( 가격 내림,35000.0,1달 전,전국,판매 중,,,4,0
세븐틴 민규 인형 밍티쥬 양도,19000.0,1달 전,전국,판매 중,,,4,1
세븐틴 인형 양도 교환,123456.0,1달 전,전국,판매 중,,,4,0
세븐틴 호시 권카 인형 솜뭉치 10cm,25000.0,1달 전,전국,판매 중,,,4,1
"세븐틴 호시 10cm 인형 호찌, 햄스 우주복, 해씨 가방",23000.0,1달 전,전국,판매 중,,,4,1
호랑이 인형 판매 || 세븐틴 인형 아이브 뉴진스 엔시티 호랑이 더보이즈,10000.0,1달 전,전국,판매 중,,,8,0
버곰이 세븐틴 10cm 인형,16000.0,1달 전,부산광역시 강서구 녹산동,판매 중,,,4,0
세븐틴 정한 10cm 인형 톢하니 선입금 원가 양도,19500.0,1달 전,전국,판매 중,,,4,1
세븐틴 민규 뽀밍이 인형 10cm,22000.0,1달 전,전국,판매 중,,,4,1
세븐틴 정한 인형 왕코미,20000.0,1달 전,서울특별시 중구 중림동,판매 중,,,4,1
세븐틴 승관 인형 뿌라봉 + 연잎모자 (미개봉),1004.0,1달 전,전국,판매 중,,,4,1
세븐틴 원우 인형 전애옹 양도,15000.0,1달 전,경상남도 양산시 물금읍,판매 중,,,4,1
세븐틴 인형 절미슈 양도,30000.0,1달 전,전국,판매 중,,,4,0
세븐틴 호시 인형 호찌,30000.0,1달 전,전국,판매 중,,,4,1
(급처)세븐틴 인형 쫑코미 팔아요 !!,20000.0,1달 전,경기도 남양주시 금곡동,판매 중,,,4,0
피챠닝 일반입금 원가양도 디노인형 세븐틴,27500.0,1달 전,서울특별시 성북구 정릉제1동,판매 중,,,4,1
세븐틴 승관 10cm 인형 부베어 의상 입금폼 양도,14500.0,1달 전,전국,판매 중,,,4,1
"세븐틴 민규 인형 양도 (밍꼼이 ,뽀밍이)",18000.0,1달 전,전국,판매 중,,,4,1
세븐틴 승관 10cm 인형,25000.0,1달 전,대구광역시 달서구 진천동,판매 중,,,4,1
세븐틴 조슈아 인형 슈람지 양도,23000.0,1달 전,전국,판매 중,,,4,1
세븐틴 우지 인형 뾰얗이 양도,20000.0,1달 전,전국,판매 중,,,4,1
에스쿱스 인형 쿱꾸마 세븐틴,12000.0,1달 전,광주광역시 광산구 우산동,판매 중,,,4,1
세븐틴 디노 10cm 인형 털 포카홀더 당찬수달,35000.0,1달 전,전국,판매 중,,,4,1
세븐틴 인형 쪼구밍,27800.0,1달 전,경기도 시흥시 능곡동,판매 중,,,4,0
세븐틴 정한 10cm 인형 쫑글이 양도 합니다,18000.0,1달 전,전국,판매 중,,,4,1
세븐틴 조슈아 인형 뇨랑이,24000.0,1달 전,전국,판매 중,,,4,1
세븐틴 버논 인형 양도(버곰이),15000.0,1달 전,전국,판매 중,,,4,1
세븐틴 원우 전애옹 인형,2000.0,1달 전,부산광역시 기장군 정관읍,판매 중,,,4,1
세븐틴 호시 10cm 인형 호찌 풀구성 판매,40000.0,1달 전,전국,판매 중,,,4,1
세븐틴 인형 판매,1004.0,1달 전,전국,판매 중,,,4,0
세븐틴 도겸 인형 양도,25000.0,1달 전,전국,판매 중,,,4,1
솜인형 세븐틴 전원우 전먼지 양도,20000.0,1달 전,전국,판매 중,,,4,1
선입금 미개봉 조슈아 모닝슈 세븐틴 10cm 인형,30000.0,1달 전,서울특별시 강동구 상일동,판매 중,,,4,1
세븐틴 호시 인형 순랑이 양도,30000.0,1달 전,전국,판매 중,,,4,1
세븐틴 버논 버냥이 인형 양도,20000.0,1달 전,전국,판매 중,,,4,1
세븐틴 인형 겸도그 양도,28000.0,1달 전,전국,판매 중,,,4,0
조슈아 슈빵볼 세븐틴 인형 양도 판매 합니다,10000.0,7일 전,전국,판매 중,,,4,1
세븐틴 svt 인형 모닝슈 뽀싱이 양도 판매,2000.0,1달 전,전국,판매 중,,,4,0
세븐틴 민규 인형 말티밍 판매,15000.0,1달 전,전국,판매 중,,,4,1
깜애옭 노애옭 세븐틴 원우 인형 양도 양도합니다,31000.0,1달 전,전국,판매 중,,,4,1
뇨랑이 세븐틴 조슈아 인형,24000.0,1달 전,전국,판매 중,,,4,1
세븐틴 10cm 인형 양도,2000.0,1달 전,부산광역시 기장군 정관읍,판매 중,,,4,0
세븐틴 민규인형 밍티쥬 양도,16000.0,1달 전,경상남도 창원시 진해구 자은동,판매 중,,,4,1
세븐틴 민규 인형 흰푸밍 양도 특전 포함,25000.0,1달 전,전국,판매 중,,,4,1
세븐틴 원우 인형 10cm 전냥냥,20000.0,1달 전,전국,판매 중,,,4,1
세븐틴 민규 인형 밍푸 3차 양도,18500.0,1달 전,경기도 안산시 상록구 본오3동,판매 중,,,4,1
세븐틴 조슈아 인형 웃뇨랑 양도,26000.0,1달 전,전국,판매 중,,,4,1
세븐틴 인더숲2 인더숲 인형 수피 양도합니다,26800.0,1달 전,전국,판매 중,,,4,0
세븐틴 정한 쫑멍이 인형 10cm,23500.0,1달 전,전국,판매 중,,,4,1
세븐틴 원우 인형 깜애옭,25000.0,1달 전,전국,판매 중,,,4,1
세븐틴 조슈아 인형 뇨롱코코슈 원가이하양도,18000.0,1달 전,전국,판매 중,,,4,1
세븐틴 조슈아 인형 절미슈 양도,25000.0,1달 전,전국,판매 중,,,4,1
세븐틴 윤정한 인형 쫑모찌,1717.0,1달 전,전국,판매 중,,,4,1
세븐틴 에스쿱스 인형 깜고철이 양도,20000.0,1달 전,전국,판매 중,,,4,1
[미개봉] 세븐틴 조슈아 8cm 인형 슈람지 양도,23000.0,1달 전,전국,판매 중,,,4,1
세븐틴 도겸 인형 도댕댕 양도,22000.0,1달 전,전국,판매 중,,,4,1
세븐틴 봉봉이 인형 양도,20000.0,1달 전,서울특별시 관악구 대학동,판매 중,,,4,0
세븐틴 호찌 인형 판매,30000.0,1달 전,전국,판매 중,,,4,0
세븐틴 에스쿱스 인형 체리쿱 양도,30000.0,1달 전,인천광역시 남구 주안7동,판매 중,,,4,1
더보이즈 주연 인형 쭈요 에스파 뉴진스 아이브 세븐틴 포카 10cm,20000.0,1달 전,부산광역시 기장군 장안읍,판매 중,,,9,0
세븐틴 조슈아 인형 절미슈 반택포 2.5,25000.0,1달 전,전국,판매 중,,,4,1
세븐틴 정한 인형 쫑멍이 양도합니당,20000.0,1달 전,전국,판매 중,,,4,1
세븐틴 도겸 인형 솜코코 양도,31000.0,1달 전,전국,판매 중,,,4,1
세븐틴 호찌 호랑이옷 10cm 인형옷,20000.0,1달 전,전국,판매 중,,,4,0
세븐틴 정한 인형 눕쫑이,18000.0,1달 전,전국,판매 중,,,4,1
세븐틴 호시 인형 권후 양도,25000.0,1달 전,전국,판매 중,,,4,1
세븐틴 조슈아 인형 양도 쓔뭉 쓔랑 모닝슈 원가양도,19500.0,1달 전,전국,판매 중,,,4,1
밍꼼이 양도합니다 세븐틴 민규 인형 밍꼼이 양도,16000.0,1달 전,전국,판매 중,,,4,1
세븐틴 에스쿱스 속성인형 체리쿱 양도합니다,16000.0,1달 전,경기도 고양시 덕양구 행신2동,판매 중,,,4,1
세븐틴 도겸 10cm 인형,15000.0,1달 전,울산광역시 중구 반구2동,판매 중,,,4,1
세븐틴 호시 인형 뽀싱이 미개봉 원가 양도,20000.0,1달 전,인천광역시 남구 주안7동,판매 중,,,4,1
호찌 양도 10cm 인형 호찌 세븐틴 호시 권순영 양도,38000.0,1달 전,전국,판매 중,,,4,1
세븐틴 정한인형 눕쫑 양도,23500.0,1달 전,전국,판매 중,,,4,1
세븐틴 조슈아 인형 크림슈다,12000.0,1달 전,전국,판매 중,,,4,1
세븐틴 버논 10cm 인형 버보카도 원가 양도합니다,19000.0,1달 전,전국,판매 중,,,4,1
세븐틴 승관 인형 양도합니다 뿌딩 부베어 뿌라봉,1717.0,1달 전,경기도 평택시 청북읍,판매 중,,,4,1
세븐틴 전원우 인형 노래옭 비니 세트,29000.0,1달 전,전국,판매 중,,,4,1
쫑람지 세븐틴 정한 인형 양도,21000.0,2달 전,인천광역시 부평구 부개3동,판매 중,,,4,1
세븐틴 민규 인형 쪼구밍 양도,24000.0,2달 전,전국,판매 중,,,4,1
세븐틴 호시 인형 순찌볼 원가 이하 양도,13500.0,1달 전,전국,판매 중,,,4,1
세븐틴 원우 10cm 인형 노래옭,20000.0,2주 전,서울특별시 강서구 화곡제2동,판매 중,,,4,1
세븐틴 조슈아 인형 크림슈,20000.0,2달 전,경기도 안산시 단원구 고잔동,판매 중,,,4,1
세븐틴 조슈아 인형 크림슈다 양도,20000.0,1달 전,전국,판매 중,,,4,1
세븐틴 디에잇 인형 디냥이 양도,35000.0,2주 전,전국,판매 중,,,4,1
<급처> 세븐틴 호시 10cm 인형 티거홋 양도,22000.0,1달 전,울산광역시 북구 농소2동,판매 중,,,4,1
세븐틴 승관인형 양도합니다 !,16000.0,2주 전,전국,판매 중,,,4,1
고잉하트틴 세븐틴 하트슈 조슈아 10cm 인형 양도,18000.0,1주 전,전국,판매 중,,,4,1
세븐틴 호시 10cm 인형 호댯님,99999.0,2달 전,전국,판매 중,,,4,1
세븐틴 조슈아 인형 모닝슈 원가 이하 양도,20000.0,1달 전,전국,판매 중,,,4,1
세븐틴 조슈아 인형 비얌슈 원가 이하 양도,35000.0,1달 전,전국,판매 중,,,4,1
쿱체리 양도 애스쿱스인형 체리 인형 세븐틴 인형,30000.0,2달 전,전국,판매 중,,,4,0
세븐틴 도겸 인형 솜코코 양도,31000.0,2달 전,전국,판매 중,,,4,1
세븐틴 우지10cm 인형 뾰냥이 양도합니다,32000.0,2주 전,전국,판매 중,,,4,1
세븐틴 우지 속성인형 도화뾰 양도,20000.0,2달 전,전국,판매 중,,,4,1
세븐틴 도겸 10cm 인형 도토리 양도합니다,1000.0,2달 전,전국,판매 중,,,4,1
세븐틴 디노 인형 당찬수달 양도,20000.0,2달 전,전국,판매 중,,,4,1
세븐틴 봉봉이 인형 키링,6000.0,2달 전,전국,판매 중,,,4,0
세븐틴 호시 뽀싱이 10cm 인형 양도합니다.,18000.0,2달 전,전국,판매 중,,,4,1
세븐틴 원우 10cm 인형 전빵,16000.0,2달 전,전국,판매 중,,,4,1
세븐틴 에스쿱스 인형 깜체리 양도,22000.0,2달 전,전국,판매 중,,,4,1
세븐틴 민규 10cm 인형 흰푸밍 양도,20000.0,3주 전,전국,판매 중,,,4,1
쫑코미 양도 왕코미 양도 정한 인형 세븐틴 인형,27000.0,2달 전,전국,판매 중,,,4,1
"세븐틴 민규 인형 밍밥풀 팔아요,판매,양도",32000.0,2달 전,전국,판매 중,,,4,1
세븐틴 원우 10cm 인형 깜애옭 노래옭 양도합니다,20000.0,2달 전,전국,판매 중,,,4,1
호찌 사요!!세븐틴인형,12345.0,2달 전,전국,판매 중,,,4,0
10cm 인형 쿱니니 롭따뚜 SVT 세븐틴 에스쿱스,30000.0,2주 전,전국,판매 중,,,4,1
세븐틴 민규 인형 쪼구밍,16000.0,2달 전,전국,판매 중,,,4,1
세븐틴 인형 호찌 양도,43000.0,2달 전,경기도 시흥시 능곡동,판매 중,,,4,0
세븐틴 민규 10cm인형 김깜장,30000.0,4주 전,전국,판매 중,,,4,1
버보카도 세븐틴 버논 인형,18000.0,2달 전,전국,판매 중,,,4,1
세븐틴 버논 인형 버보카도 원가양도,23000.0,2달 전,전국,판매 중,,,4,1
세븐틴 인형 부베어 양도합니다,116116.0,2달 전,전국,판매 중,,,4,0
세븐틴호시10cm인형 뽀싱이 양도,19000.0,2달 전,전국,판매 중,,,4,1
세븐틴 원우 인형 그래옭 양도,25000.0,2달 전,전국,판매 중,,,4,1
세븐틴 호시 인형 홍시 공구 분철,18300.0,1달 전,전국,판매 중,,,4,1
세븐틴 조슈아 10cm 인형 크림슈다 양도,20000.0,3주 전,전국,판매 중,,,4,1
세븐틴 10cm 인형 원우 깜애옭 노래옭,23000.0,3주 전,전국,판매 중,,,4,1
세븐틴 조슈아 뇨랑이 현물 인형 양도,20000.0,2달 전,전국,판매 중,,,4,1
세븐틴 정한 인형 탄람지 미개봉,24000.0,2달 전,전국,판매 중,,,4,1
세븐틴 민규 밍푸 10cm인형 양도,4006.0,4주 전,대전광역시 서구 가장동,판매 중,,,4,1
세븐틴 디노 인형 철뭉이 미개봉 양도,25000.0,2달 전,전국,판매 중,,,4,1
세븐틴 호시 인형 호딩이 미개봉,16000.0,2달 전,전국,판매 중,,,4,1
세븐틴 우지 인형 양도합니다,1000.0,2달 전,전국,판매 중,,,4,1
세븐틴 조슈아 인형 양도,24000.0,2달 전,전국,판매 중,,,4,1
심연라봉 뿌라봉 세븐틴 부승관 인형,28000.0,2달 전,전국,판매 중,,,4,1
세븐틴 호시 인형 티거홋 양도,21000.0,2달 전,전국,판매 중,,,4,1
세븐틴 원우 10cm 인형 냥랑찐빵 전빵,14000.0,2달 전,전국,판매 중,,,4,1
세븐틴 호시 인형 뽀싱이,20000.0,2달 전,전국,판매 중,,,4,1
세븐틴 눕쫑 눕슈 인형,35000.0,1달 전,부산광역시 해운대구 반여제1동,판매 중,,,4,0
"세븐틴 에스쿱스 인형 깜체리 (+너구리,토끼 귀꼬리)",25000.0,2달 전,인천광역시 연수구 옥련1동,판매 중,,,4,1
세븐틴 조슈아 10cm 인형 슈람지 뇨랑이 사슈미 크림슈 크림슈다 양도,14000.0,2달 전,전국,판매 중,,,4,1
세븐틴 윤정한 속성 인형 쫑코미 10cm 인형,25000.0,2달 전,전국,판매 중,,,4,1
세븐틴 조슈아 인형 슈람지 원가 양도,18000.0,2달 전,경기도 용인시 기흥구 상하동,판매 중,,,4,1
세븐틴 조슈아 비공식 인형 슈람지,21000.0,2달 전,전국,판매 중,,,4,1
폼양도) 승관 귤 부베어 단모 + 코디세트 양도 세븐틴 인형,35000.0,2달 전,전국,판매 중,,,4,1
세븐틴 원우 인형 전끼 원가양도,19000.0,2달 전,전국,판매 중,,,4,1
세븐틴 우지 인형 뾰얗 삽니다,20000.0,2달 전,경상남도 김해시 장유2동,판매 중,,,4,1
세븐틴 10cm 인형,17000.0,2달 전,전국,판매 중,,,4,0
세븐틴 조슈아 인형 뇨랑이 양도,15000.0,1달 전,전국,판매 중,,,4,1
세븐틴 우지 인형 뾰냥 양도,35000.0,2달 전,전국,판매 중,,,4,1
세븐틴 민규  뀨멍 인형 양도합니다,14000.0,2달 전,전국,판매 중,,,4,1
미개봉 세븐틴 버논 솔표 인형 양도,20000.0,2달 전,전국,판매 중,,,4,1
세븐틴 호시 인형 호찌 양도해요,45700.0,2달 전,전국,판매 중,,,4,1
세븐틴 호시 10cm 인형 호찌 양도,11111.0,2달 전,전국,판매 중,,,4,1
세븐틴 조슈아 인형 눕슈 급처,20000.0,2달 전,전국,판매 중,,,4,1
세븐틴 인형 조슈아 웃뇨랑 뇨랑이 양도,19000.0,4주 전,경상남도 양산시 동면,판매 중,,,4,1
세븐틴 호시 호찌 인형(현물),1000.0,2달 전,전국,판매 중,,,4,1
세븐틴 승관 인형 부베어 양도 합니다,23000.0,4주 전,전국,판매 중,,,4,1
쫑코미 공구 열어요 3분 받음(3/26일오늘까지만!!)세븐틴윤정한인형호찌,14000.0,1달 전,전국,판매 중,,,4,1
세븐틴 조슈아 인형 모닝슈 윗치폼 양도,24500.0,2달 전,전국,판매 중,,,4,1
세븐틴 호시 인형 빨강망토 호우쉬 아이돌 인형 양도,27000.0,2달 전,전국,판매 중,,,4,1
뽀싱이 세븐틴 호시 인형,20000.0,2달 전,울산광역시 남구 신정3동,판매 중,,,4,1
세븐틴 민규 10cm 인형 쪼구밍 양도,20000.0,2달 전,전국,판매 중,,,4,1
폼양도) 승관 소다 부베어 단모 + 귤 코디세트 양도 세븐틴 인형,35000.0,2달 전,전국,판매 중,,,4,1
세븐틴 원우 10cm 인형 알잘냥 양도 svt doll,35000.0,2달 전,전국,판매 중,,,4,1
세븐틴 호시 인형 뽀싱이,20000.0,2달 전,전국,판매 중,,,4,1
!원가 이하! 세븐틴 조슈아 인형 코코슈 뇨롱코코슈,16500.0,2달 전,전국,판매 중,,,4,1
세븐틴 버논 인형 세븐틴 인형 솔표,23000.0,2달 전,전국,판매 중,,,4,1
세븐틴 인형 버보카도 원가양도 버논,15000.0,2달 전,전국,판매 중,,,4,1
세븐틴 승관 인형 뿌귤이,20000.0,2달 전,전국,판매 중,,,4,1
세븐틴 민규 인형 밍푸 미개봉 현물 양도,25000.0,2달 전,전국,판매 중,,,4,1
세븐틴 조슈아 20cm 인형 비얌슈 원가이하 폼 양도합니다,25000.0,2달 전,전국,판매 중,,,4,1
세븐틴 원우 인형 알잘냥 양도,25800.0,2달 전,서울특별시 동대문구 장안제1동,판매 중,,,4,1
세븐틴 인형 양도 호딩이,15000.0,2달 전,전국,판매 중,,,4,0
"세븐틴 원우 인형 알잘냥 선착특전,안경포함 양도",25000.0,3주 전,전국,판매 중,,,4,1
쫑코미 세븐틴 10cm 인형 정한 양도 판매,26000.0,2달 전,전국,판매 중,,,4,1
세븐틴 호시 인형 호찌 양도합니다. 손오공 부석순 캐럿존 10cm 겸도그,45000.0,2주 전,전국,판매 중,,,4,1
세븐틴 원우 인형 깜애옭 그래옭 노래옭 비니 현물 미개봉,28000.0,2달 전,전국,판매 중,,,4,1
세븐틴 민규 인형 40cm 대왕밍푸,39000.0,1달 전,전국,판매 중,,,4,1
세븐틴 버논 인형 버보카도 풀셋 미개봉 양도,30000.0,2달 전,전국,판매 중,,,4,1
세븐틴 에스쿱스 인형 깜체리 양도,35000.0,2달 전,전국,판매 중,,,4,1
세븐틴 조슈아 10cm 똘망 코코슈 인형 양도,21000.0,3주 전,전국,판매 중,,,4,1
세븐틴 호시 인형 뽀싱이 양도,20000.0,2달 전,전국,판매 중,,,4,1
크림슈 양도 세븐틴 조슈아 인형,22000.0,1달 전,전국,판매 중,,,4,1
세븐틴 도겸 인형 솜코코 왕코코,30000.0,2달 전,경기도 구리시 동구동,판매 중,,,4,1
세븐틴 10cm 정한 인형쫑코미 쫑쫑코미 선착특전,23000.0,3주 전,전국,판매 중,,,4,1
세븐틴 인형 양도 겸도그 겸디 솜코코 등,15000.0,2달 전,전국,판매 중,,,4,0
세븐틴 우지 10cm인형 키티뾰,13000.0,2달 전,전국,판매 중,,,4,1
미개봉 세븐틴 도겸 10cm 인형 겸도그 피자가방 양도,35000.0,2달 전,부산광역시 기장군 기장읍,판매 중,,,4,1
세븐틴 원우 인형 깜애옭 그래옭,20000.0,2달 전,서울특별시 동대문구 장안제1동,판매 중,,,4,1
세븐틴 조슈아 인형 웃뇨랑 양도합니당!,18000.0,1달 전,전국,판매 중,,,4,1
세븐틴 원우 인형 깜애옭 그래옭,20000.0,2달 전,서울특별시 동대문구 장안제1동,판매 중,,,4,1
세븐틴 조슈아 인형 눕슈 급처합니다,20000.0,2달 전,전국,판매 중,,,4,1
세븐틴 디노 인형 당찬수달 양도,25000.0,2달 전,전국,판매 중,,,4,1
세븐틴 에스쿱스 인형 쿱꾸리 쿱굴굴 양도,4000.0,2달 전,전국,판매 중,,,4,1
세븐틴 호시 인형 호찌 양도합니다,32000.0,2달 전,전국,판매 중,,,4,1
노래옭 그래옭 세븐틴 원우 인형,22000.0,2달 전,전국,판매 중,,,4,1
세븐틴 에스쿱스 인형 쿱꾸리 양도,30000.0,1달 전,전국,판매 중,,,4,1
세븐틴 호시 30cm 호랑이 인형 왕호찌 양도 판매 SVT,38000.0,3주 전,대구광역시 동구 신천1.2동,판매 중,,,4,1
10cm 세븐틴 호찌 인형 양도 받습니다,1717.0,2달 전,전국,판매 중,,,4,0
세븐틴 우지 닮은 인형 팔아요,6000.0,2달 전,전국,판매 중,,,4,1
세븐틴 민규 인형 탄밍구 양도,18000.0,2달 전,서울특별시 강남구 대치1동,판매 중,,,4,1
세븐틴 조슈아 인형 뇨랑이 양도,22000.0,2달 전,서울특별시 강남구 대치1동,판매 중,,,4,1
(급전) 호찌 양도합니다 호시 인형 세븐틴 인형,23000.0,1달 전,전국,판매 중,,,4,1
세븐틴 고잉하트틴 하트밍 민규 인형 미개봉 원가이하 양도,17500.0,3주 전,부산광역시 기장군 정관읍,판매 중,,,4,1
세븐틴 우지인형 10cm 설뾰양도,20000.0,2달 전,전국,판매 중,,,4,1
세븐틴 호시 10cm 인형 호찌 양도,40000.0,1달 전,전국,판매 중,,,4,1
세븐틴 호시 10cm 인형 뽀싱이,20000.0,2달 전,전국,판매 중,,,4,1
세븐틴 김민규 밍푸 10cm인형,18500.0,2달 전,전국,판매 중,,,4,1
세븐틴 승관 인형 뿌린이,10000.0,2달 전,전국,판매 중,,,4,1
세븐틴 정한인형,13000.0,3달 전,전국,판매 중,,,4,1
세븐틴 호시 10cm 인형 뽀싱이 원가양도,20000.0,2달 전,경기도 연천군 연천읍,판매 중,,,4,1
세븐틴 도겸 인형 도겨분 양도,26000.0,2달 전,전국,판매 중,,,4,1
세븐틴 버논 인형 팔아요 (솔표),1000.0,2달 전,전국,판매 중,,,4,1
베이비뿌 벱뿌 세븐틴 부승관 인형,12000.0,2달 전,전국,판매 중,,,4,1
세븐틴 조슈아 뇨랑이 인형 양도,25000.0,2달 전,전국,판매 중,,,4,1
세븐틴 원우 우냥이 인형 양도,15000.0,2달 전,전국,판매 중,,,4,1
세븐틴 호찌 호시 인형 양도,35000.0,2달 전,서울특별시 서초구 반포본동,판매 중,,,4,1
세븐틴 승관 인형 부베어 의상 10cm 인형 옷장,6000.0,1달 전,전국,판매 중,,,4,1
단순개봉 현물 )세븐틴 조슈아 10cm 인형 절미슈 원가 양도,19000.0,2달 전,전국,판매 중,,,4,1
세븐틴인형 쫑모찌 양도,30000.0,2달 전,전국,판매 중,,,4,0
세븐틴 원우 속성 인형 10cm 전먼지,25000.0,2달 전,전국,판매 중,,,4,1
세븐틴 정한 10cm 인형 쫑모찌 양도,30000.0,1달 전,경기도 시흥시 연성동,판매 중,,,4,1
세븐틴 조슈아 인형 크림슈다 슈다 양도,20000.0,2달 전,전국,판매 중,,,4,1
세븐틴 캐랜 봉봉이 인형 키링,19000.0,1달 전,전국,판매 중,,,4,0
"뽀바투, 세븐틴 10cm 인형 삽니다",16000.0,2달 전,전국,판매 중,,,4,0
세븐틴 민규 인형 밍푸 양도,15000.0,1달 전,전국,판매 중,,,4,1
모닝슈 기타세트 세븐틴 조슈아 인형,1230.0,1달 전,전국,판매 중,,,4,1
세븐틴 에스쿱스 인형 판매,33000.0,2달 전,전국,판매 중,,,4,1
세븐틴 조슈아 10cm 인형 슈뭉 미개봉 양도 판매,20000.0,1달 전,전국,판매 중,,,4,1
세븐틴 해외인형 민규인형 칠리민 양도,33000.0,3달 전,경상북도 영천시 고경면,판매 중,,,4,1
세븐틴 10cm 인형 크림슈 문쭌냥,20000.0,2달 전,서울특별시 노원구 중계2.3동,판매 중,,,4,0
세븐틴 민규 인형 깜푸밍 10cm 8cm,24000.0,2달 전,전국,판매 중,,,4,1
(급처)세븐틴 정한 인형 쫑글이,16000.0,2달 전,전국,판매 중,,,4,1
세븐틴 승관 인형 부베어 장모 귤베어 원가 폼양도,19000.0,2달 전,전국,판매 중,,,4,1
세븐틴 민규 인형 깜푸밍 양도해요,20000.0,2달 전,전국,판매 중,,,4,1
세븐틴 호시 인형 권햄햄,17000.0,1달 전,전국,판매 중,,,4,1
세븐틴호시인형 뽀싱이 양도합니다,20000.0,3달 전,전국,판매 중,,,4,1
세븐틴 디에잇 인형 고잉하트틴 하트잇 양도,16000.0,3달 전,전국,판매 중,,,4,1
세븐틴 조슈아 10cm 인형 절미슈 양도,20000.0,1달 전,전국,판매 중,,,4,1
세븐틴 정한 인형 쫑모찌 돌쫑이 양도,34000.0,2달 전,전국,판매 중,,,4,1
세븐틴 민규 인형 대왕 깜푸밍,30000.0,3달 전,전국,판매 중,,,4,1
배송지변경) 세븐틴 호시 인형 순랑이 양도 판매,22000.0,1달 전,전국,판매 중,,,4,1
세븐틴 조슈아 10cm인형 절미슈 판매,25000.0,2달 전,서울특별시 구로구 수궁동,판매 중,,,4,1
세븐틴 민규 10cm 인형 뀨아앙 선입금 원가 양도,25500.0,2달 전,전국,판매 중,,,4,1
절미슈 세븐틴 조슈아 10cm 인형,25000.0,2달 전,서울특별시 양천구 신정1동,판매 중,,,4,1
세븐틴 조슈아 인형 뇨랑이 그립톡 양도,5000.0,2달 전,대전광역시 중구 문화1동,판매 중,,,4,1
(배송비포함)세븐틴 조슈아 인형 웃뇨랑 양도합니다(입양증O),25000.0,1달 전,전국,판매 중,,,4,1
SVT 세븐틴 조슈아 속성 인형 콩모찌 양도 판매,25000.0,2달 전,전국,판매 중,,,4,1
세븐틴 승관 10cm 인형 부금귤 미개봉 양도,1717.0,2달 전,전국,판매 중,,,4,1
세븐틴 디노 당찬수달 인형+포카홀더 양도합니당,26000.0,2달 전,경상남도 김해시 장유2동,판매 중,,,4,1
세븐틴 승관 인형 승꽥이+연잎모자 양도 받습니다!,35000.0,2달 전,서울특별시 강동구 암사제2동,판매 중,,,4,1
세븐틴 인형(크림슈 승구리 절미슈 쫑모찌 눕쫑 호찌),1717.0,2달 전,전국,판매 중,,,4,0
(현물) 세븐틴 정한 인형 쫑람지 양도해요 !,28000.0,2달 전,전국,판매 중,,,4,1
세븐틴 정한 인형 쫑티쥬 (현물 X),19500.0,2달 전,경기도 화성시 남양읍,판매 중,,,4,1
세븐틴 버논 인형 솔표 미개봉 판매해요,20000.0,2달 전,전국,판매 중,,,4,1
"급처) 세븐틴 인형 보보훈, 권쓰 판매",8000.0,2달 전,전국,판매 중,,,4,0
SVT 승관 인형 뿌곰+스티커 양도,20000.0,7일 전,전국,판매 중,,,4,1
스트레이키즈 스키주 뽁아리 미니,30000.0,2달 전,전국,판매 중,,,5,0
토끼즈 강토끼 뉴진스 해린 인형,25000.0,10시간 전,서울특별시 서대문구 남가좌제2동,판매 중,,,6,1
뉴진스 민지 인형 (밍망지),40000.0,5시간 전,경상남도 사천시 사천읍,판매 중,,,6,1
뉴진스 혜인 인형 (뉴솜즈 혠뺙),42000.0,5시간 전,경상남도 사천시 사천읍,판매 중,,,6,1
뉴진스 다니엘 인형 (뉴솜즈 모뭉),42000.0,5시간 전,경상남도 사천시 사천읍,판매 중,,,6,1
뉴진스 민지 인형 (뉴솜즈 밍디베어),42000.0,5시간 전,경상남도 사천시 사천읍,판매 중,,,6,1
뉴진스 토끼 키링 플러피 인형 키링,28000.0,11시간 전,전국,판매 중,,,6,0
토끼즈 김토끼 인형 뉴진스 민지 인형 양도 현물,25000.0,18시간 전,전국,판매 중,,,6,1
뉴진스 해린 인형 깜린이,2000.0,11시간 전,전국,판매 중,,,6,1
"뉴진스 해린 인형 햄토린 네로린 핼콩이 양도 (비현물, 재배송)",20000.0,14시간 전,전국,판매 중,,,6,1
10cm 인형 모자 뉴진스 모자 뉴진스 손민수,10000.0,16시간 전,전국,판매 중,,,6,0
뉴진스 인형 하니 인형 팜토끼 삽니다,9999.0,14시간 전,전국,판매 중,,,6,1
뉴진스 인형 뉴솜즈 팜빗 토끼즈 팜토끼 뉸송이들 팜토토 하니,35000.0,8시간 전,서울특별시 강동구 강일동,판매 중,,,6,1
뉴진스 인형 뉴솜즈 밍디베어 팜빗 모뭉이 핼샴 혠뺙,2000.0,11시간 전,전국,판매 중,,,6,0
뉴진스 다니엘 인형 뉴솜즈 모뭉이 양도합니다!,17800.0,2달 전,제주특별자치도 제주시 아라동,판매 중,,,6,1
뉴진스 해린 인형 솜진스 솜린 양도,19000.0,1달 전,경기도 시흥시 연성동,판매 중,,,6,1
오늘만 할인 뉴진스 해린 인형 깜린이,20000.0,1주 전,서울특별시 은평구 갈현제1동,판매 중,,,6,1
뉴진스 해린 15cm 인형 강뿌린 원가 양도,59000.0,1주 전,전국,판매 중,,,6,1
뉴진스 하니인형 토끼즈 팜토끼 양도해요!!,25000.0,1주 전,전국,판매 중,,,6,1
(미개봉/택포) 뉴진스 팜토끼 하니 인형 (특전 포함),40000.0,1주 전,경기도 김포시 김포본동,판매 중,,,6,1
뉴진스 인형 혠빡,23000.0,3주 전,서울특별시 서대문구 홍은제2동,판매 중,,,6,0
뉴진스 햄토린 해린 인형 원가양도,19000.0,2주 전,전국,판매 중,,,6,1
급처)뉴진스 10cm인형 뉴솜즈 모뭉이,15000.0,1주 전,전국,판매 중,,,6,0
모뭉이 팔아요(뉴진스 다니엘 인형)10cm,22000.0,2주 전,전국,판매 중,,,6,1
뉴진스 해린 인형 깜린 미개봉 팝니다,30000.0,2주 전,전국,판매 중,,,6,1
뉴진스 하니 인형 뽀송팜  원가 양도 합니다!,19000.0,2주 전,전국,판매 중,,,6,1
뉴진스 인형 혠빡 혤샴 팝니다,20000.0,3주 전,서울특별시 서대문구 홍은제2동,판매 중,,,6,0
뉴진스 해린 애착 인형 토마토 개구리,59000.0,3주 전,전국,판매 중,,,6,1
뉴진스 10cm 인형 토끼즈 강토끼 양도,25000.0,3주 전,전국,판매 중,,,6,0
뉴진스인형 토끼즈 팜토끼 양도해요 (하니),25000.0,2주 전,전국,판매 중,,,6,1
newsomz 뉴솜즈 뉴진스 민지 인형 밍디베어,20000.0,2주 전,전국,판매 중,,,6,1
뉴진스 뉸송이들 인형 린토토 원가 이하 양도(선입금 특전포함),14000.0,1달 전,전국,판매 중,,,6,0
뉴진스 해린 10cm인형 강선생 양도,25000.0,2달 전,전국,판매 중,,,6,1
뉴진스 강해린 10cm 인형 햄토린 원가 양도 판매,19000.0,1달 전,전라남도 곡성군 곡성읍,판매 중,,,6,1
블랙핑크 지수 쑤야 인형 MD 굿즈 미개봉,12000.0,4시간 전,전국,판매 중,,,7,1
[블랙핑크 지수] 인형 양도,19000.0,10시간 전,전국,판매 중,,,7,1
블랙핑크 인형 로제 플러시돌 플러쉬돌,23000.0,18시간 전,전국,판매 중,,,7,1
블랙핑크 5주년 4+1 포토북 북마크 포카 포스터 솔로 특전 me 인형,13000.0,11시간 전,전국,판매 중,,,7,0
블랙핑크 제니 인형 (공식),16000.0,18시간 전,전국,판매 중,,,7,1
블랙핑크 제니 인형 곰득이 양도,45000.0,15시간 전,전국,판매 중,,,7,1
블랙핑크 제니 곰득이 큰 인형 팔아요!,55000.0,2일 전,서울특별시 강남구 대치1동,판매 중,,,7,1
블랙핑크 앨범 포토북 포카홀더 인형,130000.0,3일 전,전국,판매 중,,,7,0
블랙핑크 엠디 포카 홀더 인형,15000.0,5일 전,전국,판매 중,,,7,0
블랙핑크 인형(지수),20000.0,2주 전,경기도 수원시 영통구 매탄1동,판매 중,,,7,1
블랙핑크 지수 인형 스퀴즈 양도,1000.0,2주 전,전국,판매 중,,,7,1
블랙핑크 지수 수야 인형 키링,30000.0,3주 전,전국,판매 중,,,7,1
블랙핑크 로제 포지 인형구합니다,25000.0,4주 전,전국,판매 중,,,7,1
블랙핑크 포카 홀더 콘서트 md 인형,15000.0,4주 전,전국,판매 중,,,7,0
블랙핑크 리사 인형 뿅봉 응원봉,55000.0,1달 전,전국,판매 중,,,7,1
블랙핑크지수인형10cm아이브장원영포카녕뽀,30000.0,1달 전,전국,판매 중,,,8,1
블랙핑크 포카 홀더 MD 엠디 인형,16000.0,1주 전,전국,판매 중,,,7,0
인형옷 바비인형옷 블랙핑크하운드 투피스 포피파커 실크스톤 모델뮤즈,14000.0,1달 전,전국,판매 중,,,7,0
뽀바투 말랑빈 양도 교화누투바투 인형 수빈 블랙핑크 교환,55000.0,1주 전,경기도 수원시 영통구 매탄1동,판매 중,,,7,0
"블랙핑크 응원봉,지수인형",30000.0,2달 전,경기도 용인시 수지구 상현1동,판매 중,,,7,1
블랙핑크 인형 양도 (지수만 남음),13000.0,3달 전,부산광역시 동래구 명륜동,판매 중,,,7,1
블랙핑크 지수 인형,15000.0,3달 전,전국,판매 중,,,7,1
블랙핑크 로제 인형,25000.0,4달 전,전국,판매 중,,,7,1
블랙핑크 로제 미니 키링 인형 콘서트 엠디 굿즈 양도합니다,35000.0,3달 전,서울특별시 서대문구 연희동,판매 중,,,7,1
블랙핑크 KTL 인형 돌 키링 코인파우치,7000.0,4달 전,경기도 광명시 소하1동,판매 중,,,7,0
블랙핑크 로제 인형 급처!!((공식,14000.0,4달 전,전국,판매 중,,,7,1
블랙핑크 리사 공식 인형 미개봉,25000.0,5달 전,전국,판매 중,,,7,1
블랙핑크 콘서트 굿즈 인형 팝니다,50000.0,6달 전,전국,판매 중,,,7,0
블랙핑크 콘서트 md 제니 인형 곰득이,99999.0,7달 전,광주광역시 광산구 운남동,판매 중,,,7,1
블랙핑크 콘서트 MDgoods 인형 포카 포카홀더,20000.0,7달 전,대전광역시 대덕구 오정동,판매 중,,,7,0
블랙핑크 제니 공식 인형 양도,18000.0,9달 전,전국,판매 중,,,7,1
블랙핑크 스퀴즈볼 양도,15000.0,1달 전,전국,판매 중,,,7,0
블랙핑크 마지막처럼 팝업스토어 엽서 세트 풀구성,6000.0,1주 전,전국,판매 중,,,7,0
블랙핑크 말치츄,20000.0,4달 전,전국,판매 중,,,7,0
블랙핑크 인형(blackpink doll),20000.0,2달 전,전국,판매 중,,,7,0
블랙핑크 로지 로제 인형 새상품,35000.0,1주 전,서울특별시 강동구 명일제1동,판매 중,,,7,1
"블랙핑크 굿즈 인형 세트 멤버별 각 60,000원 양도",60000.0,1주 전,전국,판매 중,,,7,0
블랙핑크 로제 10cm 인형 포지 선입금 배송지 변경,40000.0,2주 전,경기도 광주시 광남동,판매 중,,,7,1
블랙핑크 제니 인형 젠고미,11111.0,3주 전,전국,판매 중,,,7,1
블랙핑크 지수 인형 말치츄,30000.0,3주 전,전국,판매 중,,,7,1
(개봉) 블랙핑크 인형 키링,25000.0,1달 전,전국,판매 중,,,7,0
블랙핑크 콘서트 MD인형 PPEU,15000.0,1달 전,전국,판매 중,,,7,0
블랙핑크 로제 10cm 인형 포지 공구,15000.0,1달 전,전국,판매 중,,,7,1
블랙핑크 지수 인형 포카홀더 양도,10000.0,1달 전,대구광역시 달서구 감삼동,판매 중,,,7,1
블랙핑크 지수 인형 말치츄 양도해요,16000.0,1달 전,전국,판매 중,,,7,1
블랙핑크 키링 콘서트굿즈 공굿 인형,17000.0,1달 전,서울특별시 광진구 화양동,판매 중,,,7,0
블랙핑크 리사 인형 키링,13000.0,2달 전,전국,판매 중,,,7,1
블랙핑크 로제 인형,32000.0,2달 전,전국,판매 중,,,7,1
블랙핑크 콘서트 투어 엠디 인형 키링 포카 바인더,35000.0,1주 전,전국,판매 중,,,7,0
블랙핑크 인형 로지 판매해요!,15000.0,2주 전,전국,판매 중,,,7,0
블랙핑크 지수 인형 '지순이' 사요,22000.0,2달 전,전국,판매 중,,,7,1
블랙핑크 로제 인형 플러시 돌,28000.0,2달 전,전국,판매 중,,,7,1
고전 갸루 블랙핑크호피키티 표범키티 마스코트 인형,40000.0,3주 전,서울특별시 양천구 목5동,판매 중,,,7,0
블랙핑크 지순이 10cm 인형 지수 인형 토끼 동물인형,25000.0,2달 전,전국,판매 중,,,7,1
블랙핑크 지수 BORN PINK 콘서트 인형 팝니다,35000.0,2달 전,서울특별시 강동구 암사제3동,판매 중,,,7,1
뉴진스 민지 인형 (뉴솜즈 밍디베어),42000.0,5시간 전,경상남도 사천시 사천읍,판매 중,,,6,1
뉴진스 인형 뉴솜즈 밍디베어 팜빗 모뭉이 핼샴 혠뺙,2000.0,11시간 전,전국,판매 중,,,6,0
뉴진스 뉴솜즈 미개봉 밍디베어 양도,18000.0,16시간 전,서울특별시 구로구 수궁동,판매 중,,,6,0
뉴솜즈 뉴진스 밍디베어 민지 인형 양도 교환,18000.0,3일 전,울산광역시 동구 남목2동,판매 중,,,6,1
newsomz 뉴솜즈 뉴진스 민지 인형 밍디베어,20000.0,2주 전,전국,판매 중,,,6,1
뉴진스인형 뉴솜즈 밍디베어판매,18000.0,3주 전,전국,판매 중,,,6,0
뉴솜즈 밍디베어 핼샴 뉴진스 10cm 인형,28000.0,1달 전,전국,판매 중,,,6,0
뉴솜즈 민지 뉴진스 인형 밍디베어,25000.0,1달 전,전국,판매 중,,,6,1
뉴진스 민지 밍디베어 양도합니다 뉴솜즈 미개봉,25000.0,1달 전,전라남도 목포시 부주동,판매 중,,,6,1
뉴솜즈 밍디베어 민지 양도 뉴진스10cm인형포카핼샴팜빗밍디베어모뭉이토끼즈,20000.0,1달 전,전국,판매 중,,,6,1
뉴솜즈 팜빗 양도 밍디베어모뭉핼샴혠빡토끼즈솜진스뉴진스포카,23000.0,2달 전,전국,판매 중,,,6,0
뉴진스 인형 뉴솜즈 밍디베어 판매,1000.0,2달 전,부산광역시 동구 초량제2동,판매 중,,,6,0
뉴솜즈 혠뺙 혜인 양도 뉴진스10cm인형포카핼샴팜빗밍디베어모뭉이토끼즈,22000.0,1달 전,전국,판매 중,,,6,1
뉴진스 뉴솜즈 밍디베어 [구함],18000.0,2달 전,전국,판매 중,,,6,0
sell)뉴진스 인형 뉴솜즈 팜빗 밍디베어 양도판매분철,20000.0,2달 전,전국,판매 중,,,6,0
뉴진스 민지 인형 밍디베어,18000.0,1달 전,전국,판매 중,,,6,1
뉴솜즈 밍디베어 뉴진스 10cm 인형 양도,25000.0,1달 전,전국,판매 중,,,6,0
뉴솜즈 인형 뉴진스 팜빗 모뭉 혠뺙 믕디베어 밍디베어,26000.0,2달 전,전국,판매 중,,,6,0
뉴진스 인형 뉴솜즈 밍디베어 양도합니다,15000.0,5달 전,전국,판매 중,,,6,0
뉴진스 소장용 비공굿 6장 세트,3000.0,3주 전,전국,판매 중,,,6,0
토끼즈 강토끼 뉴진스 해린 인형,25000.0,10시간 전,서울특별시 서대문구 남가좌제2동,판매 중,,,6,1
뉴진스 민지 인형 (밍망지),40000.0,5시간 전,경상남도 사천시 사천읍,판매 중,,,6,1
뉴진스 혜인 인형 (뉴솜즈 혠뺙),42000.0,5시간 전,경상남도 사천시 사천읍,판매 중,,,6,1
뉴진스 다니엘 인형 (뉴솜즈 모뭉),42000.0,5시간 전,경상남도 사천시 사천읍,판매 중,,,6,1
뉴진스 민지 인형 (뉴솜즈 밍디베어),42000.0,5시간 전,경상남도 사천시 사천읍,판매 중,,,6,1
토끼즈 김토끼 인형 뉴진스 민지 인형 양도 현물,25000.0,18시간 전,전국,판매 중,,,6,1
"뉴진스 해린 인형 햄토린 네로린 핼콩이 양도 (비현물, 재배송)",20000.0,15시간 전,전국,판매 중,,,6,1
10cm 인형 모자 뉴진스 모자 뉴진스 손민수,10000.0,16시간 전,전국,판매 중,,,6,0
뉴진스 인형 하니 인형 팜토끼 삽니다,9999.0,15시간 전,전국,판매 중,,,6,1
뉴진스 인형 뉴솜즈 팜빗 토끼즈 팜토끼 뉸송이들 팜토토 하니,35000.0,9시간 전,서울특별시 강동구 강일동,판매 중,,,6,1
뉴진스 다니엘 인형 뉴솜즈 모뭉이 양도합니다!,17800.0,2달 전,제주특별자치도 제주시 아라동,판매 중,,,6,1
뉴진스 해린 인형 솜진스 솜린 양도,19000.0,1달 전,경기도 시흥시 연성동,판매 중,,,6,1
오늘만 할인 뉴진스 해린 인형 깜린이,20000.0,1주 전,서울특별시 은평구 갈현제1동,판매 중,,,6,1
뉴진스 해린 15cm 인형 강뿌린 원가 양도,59000.0,1주 전,전국,판매 중,,,6,1
뉴진스 하니인형 토끼즈 팜토끼 양도해요!!,25000.0,1주 전,전국,판매 중,,,6,1
(미개봉/택포) 뉴진스 팜토끼 하니 인형 (특전 포함),40000.0,1주 전,경기도 김포시 김포본동,판매 중,,,6,1
뉴진스 인형 혠빡,23000.0,3주 전,서울특별시 서대문구 홍은제2동,판매 중,,,6,0
뉴진스 햄토린 해린 인형 원가양도,19000.0,2주 전,전국,판매 중,,,6,1
급처)뉴진스 10cm인형 뉴솜즈 모뭉이,15000.0,1주 전,전국,판매 중,,,6,0
모뭉이 팔아요(뉴진스 다니엘 인형)10cm,22000.0,2주 전,전국,판매 중,,,6,1
뉴진스 해린 인형 깜린 미개봉 팝니다,30000.0,2주 전,전국,판매 중,,,6,1
뉴진스 하니 인형 뽀송팜  원가 양도 합니다!,19000.0,2주 전,전국,판매 중,,,6,1
뉴진스 인형 혠빡 혤샴 팝니다,20000.0,3주 전,서울특별시 서대문구 홍은제2동,판매 중,,,6,0
뉴진스 해린 애착 인형 토마토 개구리,59000.0,3주 전,전국,판매 중,,,6,1
뉴진스 10cm 인형 토끼즈 강토끼 양도,25000.0,3주 전,전국,판매 중,,,6,0
뉴진스인형 토끼즈 팜토끼 양도해요 (하니),25000.0,2주 전,전국,판매 중,,,6,1
newsomz 뉴솜즈 뉴진스 민지 인형 밍디베어,20000.0,2주 전,전국,판매 중,,,6,1
뉴진스 해린 10cm인형 강선생 양도,25000.0,2달 전,전국,판매 중,,,6,1
뉴진스 뉸송이들 인형 린토토 원가 이하 양도(선입금 특전포함),14000.0,1달 전,전국,판매 중,,,6,0
"뉴진스 플러피 키링 핑크, 화이트",42000.0,2달 전,충청북도 제천시 의림지동,판매 중,,,6,0
뉴진스 플러피 키링 판매합니다,32000.0,2달 전,전국,판매 중,,,6,0
[판매] 뉴진스 플러피 키링 4월 배송,35000.0,2달 전,대구광역시 북구 국우동,판매 중,,,6,0
블랙핑크 지수 쑤야 인형 MD 굿즈 미개봉,12000.0,4시간 전,전국,판매 중,,,7,1
[블랙핑크 지수] 인형 양도,19000.0,11시간 전,전국,판매 중,,,7,1
블랙핑크 인형 로제 플러시돌 플러쉬돌,23000.0,19시간 전,전국,판매 중,,,7,1
블랙핑크 제니 인형 (공식),16000.0,18시간 전,전국,판매 중,,,7,1
블랙핑크 제니 인형 곰득이 양도,45000.0,16시간 전,전국,판매 중,,,7,1
블랙핑크 제니 곰득이 큰 인형 팔아요!,55000.0,2일 전,서울특별시 강남구 대치1동,판매 중,,,7,1
아이브 미니브 인형 나오리 팝니다,50000.0,38분 전,전국,판매 중,,,8,0
아이브 인형 호잇이,45000.0,1시간 전,전국,판매 중,,,8,0
아이브 미니브 원영 인형 판매합니다.,40000.0,4시간 전,강원도 춘천시 효자1동,판매 중,,,8,0
아이돌 인형 망토 15cm 아이브 솜인형 옷 인형옷,10000.0,4시간 전,전국,판매 중,,,8,0
아이브 이서 인형 (호잇),72000.0,5시간 전,경상남도 사천시 사천읍,판매 중,,,8,1
아이브 인형 교,1004.0,13시간 전,전국,판매 중,,,8,0
아이브 냥즈 10cm인형 양도 받아요,32000.0,12시간 전,전국,판매 중,,,8,0
"아이브 장원영 5cm 인형, 미니토깽녕!",1201.0,14시간 전,전국,판매 중,,,8,1
"아이브,르세라핌 인형 교환",3000.0,15시간 전,전국,판매 중,,,8,0
!!레비 플미주고 사지 마세요!! 아이브 레이 인형 2차판매 입금폼,20000.0,19시간 전,전국,판매 중,,,8,1
아이브 장원영 속성 솜인형,75000.0,13시간 전,부산광역시 동래구 명장제2동,판매 중,,,8,1
아이브 레옹 10cm인형 양도 판매,45000.0,12시간 전,전국,판매 중,,,8,0
"아이브 인형 양도 , 포카로 교환 받아요!",1004.0,20시간 전,전국,판매 중,,,8,0
아이브 안유진 인형 안땅콩(현제시 : 4.5),20000.0,12시간 전,전국,판매 중,,,8,1
아이브안유진인형안땅콩판매양도분철합니다 아이브미공포분철애플뮤직사웨위드뮤럭드,10000.0,2주 전,경기도 용인시 수지구 상현1동,판매 중,,,8,1
아이브 장원영 인형 말랑녕 원가 양도,33000.0,5달 전,전국,판매 중,,,8,1
아이브 인형 리즈 인형 냥즈,30000.0,1주 전,전국,판매 중,,,8,1
아이브 10cm 인형 레옹,35000.0,1주 전,전국,판매 중,,,8,0
아이브 가을 인형 폴람이,37000.0,1주 전,경기도 고양시 일산동구 마두2동,판매 중,,,8,1
아이브 레이 레옹 인형 양도,30000.0,1주 전,경기도 용인시 수지구 상현2동,판매 중,,,8,1
아이브 레옹 10cm인형,45000.0,2주 전,전국,판매 중,,,8,0
아이브 안유진 10cm 인형 안땅콩 양도,1234.0,1주 전,서울특별시 성북구 동선동,판매 중,,,8,1
"아이브 리즈인형 냥즈,깜냥즈 양도",45000.0,1주 전,전국,판매 중,,,8,1
아이브 인형 레이 인형 레비 양도,1004.0,2주 전,전국,판매 중,,,8,1
아이브 안유진 인형 안땅콩,45000.0,2주 전,전국,판매 중,,,8,1
아이브 레이인형 레옹이 양도,40000.0,2주 전,경상남도 거제시 옥포2동,판매 중,,,8,1
아이브 인형 레옹이 레오,35000.0,2주 전,전국,판매 중,,,8,0
아이브레이 10cm인형 레옹이 교환양도,123456.0,1주 전,전국,판매 중,,,8,1
체리 공식인형 사요 아이브 인형 급구 분철타요 원영 인형,27800.0,1주 전,전국,판매 중,,,8,0
아이브 이서 인형 호잇,40000.0,2주 전,전국,판매 중,,,8,1
아이브인형 레이10cm인형 팝니다,45000.0,2주 전,경기도 김포시 김포본동,판매 중,,,8,1
레구리 아이브 레이인형 양도해요,20000.0,2주 전,전국,판매 중,,,8,1
얼빡으로 아이브인형 받아요,100000.0,2주 전,전국,판매 중,,,8,0
아이브 이서 인형 호잇 양도,48000.0,2주 전,전국,판매 중,,,8,1
아이브 호잇양도 이서인형 10cm,40000.0,2주 전,전국,판매 중,,,8,1
현물).호잇 양도 아이브 이서 인형,60000.0,2주 전,경기도 평택시 비전1동,판매 중,,,8,1
아이브 10cm인형 미개봉 호잇 교환 양도 +물고기가방 [ 특전 0 ],60000.0,1주 전,전국,판매 중,,,8,0
아이브 장원영 인형 모찌녕 양도 받아요,18000.0,2주 전,전국,판매 중,,,8,1
아이브 인형 호잇이 구합니다,20800.0,3주 전,대전광역시 유성구 원신흥동,판매 중,,,8,0
아이브 레이 인형 레옹이 양도합니당,39000.0,2주 전,전국,판매 중,,,8,1
[미개봉]아이브 레이 미니브 20cm 인형 나오리 양도합니다!,26000.0,1주 전,전국,판매 중,,,8,1
안땅콩 양도합니다 아이브 인형,10000.0,3주 전,전국,판매 중,,,8,0
전멤원가))아이브인형 미니브 분철진행합니다!,26000.0,2주 전,전국,판매 중,,,8,0
폴람이 아이브 인형,34000.0,3주 전,전국,판매 중,,,8,0
"아이브 인형 양도,교환 받아요",30000.0,3주 전,전국,판매 중,,,8,0
아이브레이인형 레옹 현물 양도,40000.0,3주 전,부산광역시 부산진구 가야제2동,판매 중,,,8,1
"아이브 인형,리즈포카 사요",100000.0,3주 전,경기도 수원시 팔달구 우만2동,판매 중,,,8,1
아이브 이서 인형 호잇이 판매합니다,20000.0,3주 전,충청북도 청주시 상당구 용암1동,판매 중,,,8,1
아이브 안유진 인형 안땅콩 양도합니다!,18000.0,3주 전,전국,판매 중,,,8,1
아이브 가을 인형 폴람이 양도합니다,35000.0,3주 전,전국,판매 중,,,8,1
으어어제발사주세요)아이브 이서 인형 호잇 양도,43000.0,2주 전,전국,판매 중,,,8,1
아이브 장원영 인형 녕뽀 판매,40000.0,3주 전,전국,판매 중,,,8,1
아이브 장원영 원영 녕뽀 인형 포카 양도,45000.0,3주 전,전국,판매 중,,,8,1
아이브 이서 인형 호잇이 미개봉,18000.0,3주 전,전국,판매 중,,,8,1
아이브인형 호잇 녕뽀 교환해요,12345.0,3주 전,부산광역시 남구 용호제1동,판매 중,,,8,0
토끼녕 10cm 아이브 원영 인형,48000.0,3주 전,전국,판매 중,,,8,0
아이브 베리녕 인형 양도,18500.0,1달 전,전국,판매 중,,,8,0
냥즈 원가양도 아이브인형,15000.0,1달 전,전국,판매 중,,,8,0
옥수니 아이브 레이 10cm 인형 비현물 양도,40000.0,3주 전,전국,판매 중,,,8,1
아이브 인형 미니브 분철 공구 열어요 강안지 달이 나오리 체리 치즈 이랑,27000.0,1주 전,서울특별시 서초구 서초2동,판매 중,,,8,0
아이브 안유진 인형 안땅콩 양도 포카 분철,40000.0,4주 전,전국,판매 중,,,8,1
아이브 원영 인형 녕뽀 양도,2000.0,2주 전,전국,판매 중,,,8,0
녕뽀 버니녕 냥즈 안땅콩 폴람이 양도 아이브 10cm 인형,40000.0,3달 전,경상남도 거창군 거창읍,판매 중,,,8,0
아이브 인형 안땅콩,55000.0,3달 전,전국,판매 중,,,8,0
아이브 장원영 인형 녕뽀 양도 합니다!,60000.0,1달 전,전국,판매 중,,,8,1
[팝니다] 아이브 인형 버니녕 배포,40000.0,2달 전,전국,판매 중,,,8,0
아이브 장원영 인형 마시멜로녕 판매 !,17000.0,2달 전,전국,판매 중,,,8,1
아이브 아이즈원 안유진 10cm 인형 안땅콩 양도 교환,30000.0,2달 전,전국,판매 중,,,8,1
에스파 카리나 인형 왕찌먕 40cm,60000.0,2시간 전,전국,판매 중,,,9,1
온닝닝 미개봉 에스파 인형벨벳리본+스티커 ningning  aesspa,50000.0,2시간 전,전국,판매 중,,,9,1
에스파 10cm인형 카토끼,40000.0,23시간 전,전국,판매 중,,,9,0
에스파 윈터 인형 직직이 양도 판매 (현:2.0),20000.0,12시간 전,전국,판매 중,,,9,1
에스파 직직이 직냥이 리뉴얼 인형 10cm 양도 모찍이 모냥이,16000.0,13시간 전,전국,판매 중,,,9,0
에스파 윈터 10cm 인형 쩡티쥬,55000.0,18시간 전,전국,판매 중,,,9,1
40센치 왕찌먕 찌먕이 파우치 찌먕슈슈 양도 에스파 카리나 인형,65000.0,15시간 전,전국,판매 중,,,9,1
에스파 직직이 직냥이 리뉴얼 인형 10cm 양도,23000.0,3주 전,서울특별시 광진구 능동,판매 중,,,9,0
에스파 카리나 40cm 인형 왕찌먕 대왕찌먕이 양도,60000.0,3주 전,전국,판매 중,,,9,1
에스파 카리나 인형 카토끼 현물 양도,28000.0,2달 전,전국,판매 중,,,9,1
늉늉이 양도 에스파 닝닝인형,30000.0,3일 전,전국,판매 중,,,9,1
에스파 카리나 인형,18000.0,6일 전,전국,판매 중,,,9,1
미개봉) 앉은 찌먕이 에스파 카리나 인형 앉찌먕 새상품,28000.0,4일 전,전국,판매 중,,,9,1
에스파 윈터 조랭이 인형,13000.0,1주 전,전국,판매 중,,,9,1
직둥이 양도 에스파 인형,15000.0,1주 전,전국,판매 중,,,9,0
에스파 윈터 인형 직직이 양도합니다!!,20000.0,1주 전,전국,판매 중,,,9,1
에스파인형,30000.0,3주 전,전국,판매 중,,,9,0
에스파 카리나 인형 찌먕이 앉찌먕 양도,20000.0,1주 전,광주광역시 광산구 수완동,판매 중,,,9,1
에스파 인형 직직이,28000.0,2주 전,세종특별자치시  새롬동,판매 중,,,9,0
젤빌 2차 에스파 지젤 솜인형 양도,25000.0,1주 전,전국,판매 중,,,9,1
미개봉 앉은 찌먕이 에스파 카리나 인형,28000.0,1주 전,전국,판매 중,,,9,1
에스파 카리나 인형 앉찌먕 미개봉 양도합니다,23000.0,1주 전,전국,판매 중,,,9,1
조랭이 에스파 윈터 인형 미개봉,13000.0,2주 전,전국,판매 중,,,9,1
에스파 카리나 찌먕이 인형,25000.0,3주 전,전국,판매 중,,,9,1
에스파 윈터 인형 직둥이 판매 양도,10000.0,2주 전,전국,판매 중,,,9,1
에스파 카리나 40cm 인형 직냥이,30000.0,2주 전,서울특별시 서대문구 홍제제2동,판매 중,,,9,1
에스파 카리나 인형 직냥이 포카교환,17000.0,2주 전,전국,판매 중,,,9,1
에스파 윈터 무속성 인형 양도합니다 윈텰,20000.0,2주 전,부산광역시 동래구 온천제2동,판매 중,,,9,1
에스파 윈터 직둥이 인형 삽니다,20000.0,3주 전,전국,판매 중,,,9,1
비현물 에스파 윈터 10cm 아기곰인형 뿌까쩡 양도 판매,22000.0,1주 전,전국,판매 중,,,9,1
에스파 카리나 인형 대왕 직냥이 양도,25000.0,2주 전,전라북도 전주시 완산구 서신동,판매 중,,,9,1
에스파 카리나 인형 칼냥이 앉은 찌먕이로 교환해요,1000.0,1주 전,전국,판매 중,,,9,1
카토끼 양도 에스파 카리나 인형,20000.0,3주 전,전국,판매 중,,,9,1
젤빌이 양도 젤냥 지젤 인형 에스파 인형,22000.0,3주 전,전국,판매 중,,,9,1
에스파 카리나 앉은 찌먕이 인형 미개봉 양도,26000.0,2주 전,전국,판매 중,,,9,1
에스파 지젤 인형 젤냥 젤빌 양도,16000.0,3주 전,전국,판매 중,,,9,1
앉은 찌먕이 미개봉 판매 양도 에스파 카리나 인형,25000.0,2주 전,전국,판매 중,,,9,1
멍찌밍 양도 에스파 카리나 인형 양도,20000.0,3주 전,전국,판매 중,,,9,1
메추리나 양도 에스파 카리나 포카 인형 양도,20000.0,3주 전,전국,판매 중,,,9,1
에스파 윈터인형 직직이 쩡티쥬 조랭이,15000.0,3주 전,경기도 동두천시 송내동,판매 중,,,9,1
에스파 2차 젤빌이 인형 양도해요,20000.0,3주 전,전국,판매 중,,,9,0
에스파 인형 직직이 직냥이,25000.0,1달 전,전라북도 전주시 완산구 효자3동,판매 중,,,9,0
랑랑이 양도 에스파 닝닝 인형 10cm 포카,20000.0,3주 전,전국,판매 중,,,9,1
에스파 윈터 10cm 인형 직직이 쩡티쥬 윈토토 양도 판매,23000.0,2주 전,전국,판매 중,,,9,1
에스파 인형 양도,1117.0,1달 전,전국,판매 중,,,9,0
에스파 윈터 10cm 인형 직둥이 양도합니다!,15000.0,4주 전,경기도 오산시 대원동,판매 중,,,9,1
에스파 카리나 10cm 인형 직냥이 양도합니다!!,18500.0,3주 전,전국,판매 중,,,9,1
에스파 카리나 인형 직냥이 양도,17000.0,1달 전,전국,판매 중,,,9,1
에스파 윈터 인형 직직이 양도,16000.0,1달 전,전국,판매 중,,,9,1
에스파 인형 직냥이 직직이 1차 양도,22000.0,1달 전,전국,판매 중,,,9,0
에스파 카리나 인형 앉찌먕 양도 미개봉,23000.0,1달 전,전국,판매 중,,,9,1
에스파 윈터 직직이 직둥이 아이돌인형 판매,35000.0,4주 전,전국,판매 중,,,9,1
에스파 카리나 인형 멍찌밍,40000.0,1달 전,전국,판매 중,,,9,1
에스파 카리나 인형 앉은 찌먕이 양도 판매 슈슈 파우치 포카,29500.0,1달 전,전국,판매 중,,,9,1
에스파 윈터 인형 직직이 판매,13000.0,1달 전,전국,판매 중,,,9,1
에스파 카리나 인형 직냥이 양도,19000.0,1달 전,전국,판매 중,,,9,1
에스파 윈터 인형 직둥이 판매 양도,12000.0,1달 전,전국,판매 중,,,9,1
메추리나 양도 에스파 인형 카리나 원가양도 귀염뽀짝,14000.0,1달 전,전국,판매 중,,,9,1
에스파 윈터 김민정 10cm 인형 직직이,17000.0,1달 전,전국,판매 중,,,9,1
젤냥(핑크) 에스파 지젤 인형 원갸양도 (배송지변경,15000.0,1달 전,전국,판매 중,,,9,1
에스파 카리나 인형 찌먕 왕찌먕,50000.0,2주 전,전국,판매 중,,,9,1
에스파 윈터 조랭이 인형 양도합니다,8000.0,2달 전,전국,판매 중,,,9,1
에스파 조랭이 인형 미개봉,1234.0,2달 전,부산광역시 해운대구 우제1동,판매 중,,,9,0
에스파 윈터 인형 뽀글쩡 쩡티쥬 직직이,19000.0,2달 전,전국,판매 중,,,9,1
에스파 윈터 인형 쩡티쥬 팔아요,20000.0,2달 전,강원도 원주시 지정면,판매 중,,,9,1
에스파 10cm인형 직냥이 판매,23000.0,2달 전,전국,판매 중,,,9,0
에스파 인형 직둥이 양도,15200.0,3주 전,충청북도 청주시 흥덕구 가경동,판매 중,,,9,0
에스파 카리나 인형 직냥이 양도,20000.0,2달 전,울산광역시 울주군 범서읍,판매 중,,,9,1
직냥이 카리나 인형 양도 에스파 10cm,18000.0,2달 전,전국,판매 중,,,9,1
에스파 직직이 윈터 인형 미개봉,1234.0,2달 전,부산광역시 해운대구 우제1동,판매 중,,,9,1
뽀글쩡 에스파 윈터 인형,27000.0,2달 전,전국,판매 중,,,9,1
에스파 지젤 젤냥이 10cm 인형,18000.0,3주 전,전국,판매 중,,,9,1
에스파 카리냥 인형,20000.0,2달 전,전국,판매 중,,,9,0
에스파 윈터 김민정 인형 조랭이,13000.0,4주 전,전국,판매 중,,,9,1
